File,Line,Speaker,UttStartTime,UttEndTime,UttLength,Content,InstancesCountPerLine,FeatureCountPerLine,SubjectWordToken,PredicateWordToken,WordPattern,SubjectPOS,PredicatePOS,POSPattern,L22,L21,L20,L19,L18,L17,L16,L15,L14,L13,L12,L11,L10,L9,L8,L7,L6,L5,L4,L3,L2,L1,ContentFeature,R1,R2,R3,R4,R5,R6,R7,R8,R9,R10,R11,R12,R13,R14,R15,R16,R17,R18,R19,R20,R21,R22,R23,R24,R25,R26,R27
ATL_se0_ag1_m_01_1,214,ATL_se0_ag1_m_01,298.0746,300.0073,1.9327,N- you done came to find some more shit.,1,1,you,came,you_done_came,PronounPersonal,VerbPastParticiple,PronounPersonal_done_VerbPastParticiple,,,,,,,,,,,,,,,,,,,,,N-,you,done ,came,to,find,some,more,shit.,,,,,,,,,,,,,,,,,,,,,
ATL_se0_ag1_m_03_1,2091,ATL_se0_ag1_m_03,2361.6825,2364.6302,2.9477,"I'm like, come on, man, not agai- y'all done already jumped- come on, man.",1,1,y'all,jumped,y'all_done_jumped,PronounPersonal,VerbPastParticiple,PronounPersonal_done_VerbPastParticiple,,,,,,,,,,,,,,,I'm,"like,",come,"on,","man,",not,agai-,y'all,done ,already,jumped-,come,"on,",man.,,,,,,,,,,,,,,,,,,,,,,
ATL_se0_ag1_m_04_1,650,ATL_se0_ag1_m_04,873.7069,877.2424,3.5355,before they even realize what you got. And a lot of people- I done had people,1,1,I,had,I_done_had,PronounPersonal,VerbPastParticiple,PronounPersonal_done_VerbPastParticiple,,,,,,,,,,before,they,even,realize,what,you,got.,And,a,lot,of,people-,I,done ,had,people,,,,,,,,,,,,,,,,,,,,,,,,,
ATL_se0_ag1_m_04_1,686,ATL_int_01,930.7423,934.9223,4.18,Hold up now cause I- I done been to a couple your shows. I haven't been to all of 'em,1,1,I,been,I_done_been,PronounPersonal,VerbPastParticiple,PronounPersonal_done_VerbPastParticiple,,,,,,,,,,,,,,,,,Hold,up,now,cause,I-,I,done ,been,to,a,couple,your,shows.,I,haven't,been,to,all,of,'em,,,,,,,,,,,,,,
ATL_se0_ag1_m_04_2,245,ATL_int_01,335.5831,338.732,3.1489,"I mean, nobody had done been, um, coming to you tryna push that",1,1,nobody,been,nobody_done_been,PronounIndefinite,VerbPastParticiple,PronounIndefinite_done_VerbPastParticiple,,,,,,,,,,,,,,,,,,,I,"mean,",nobody,had,done ,"been,","um,",coming,to,you,tryna,push,that,,,,,,,,,,,,,,,,,,,
ATL_se0_ag1_m_05_1,659,ATL_int_01,1028.3039,1029.7061,1.4022,I done did a few folks,1,1,I,did,I_done_did,PronounPersonal,VerbPastParticiple,PronounPersonal_done_VerbPastParticiple,,,,,,,,,,,,,,,,,,,,,,I,done ,did,a,few,folks,,,,,,,,,,,,,,,,,,,,,,,
ATL_se0_ag1_m_05_1,1080,ATL_se0_ag1_m_05,1640.326,1643.3616,3.0356,"uh, you done went out let's say a night after that as well too,",1,1,you,went,you_done_went,PronounPersonal,VerbPastParticiple,PronounPersonal_done_VerbPastParticiple,,,,,,,,,,,,,,,,,,,,,"uh,",you,done ,went,out,let's,say,a,night,after,that,as,well,"too,",,,,,,,,,,,,,,,,
ATL_se0_ag2_m_01_1,593,ATL_se0_ag2_m_01,766.4818,769.6417,3.1599,"It gets rogue because you done depressed yourself so much,",1,1,you,depressed,you_done_depressed,PronounPersonal,VerbPastParticiple,PronounPersonal_done_VerbPastParticiple,,,,,,,,,,,,,,,,,,It,gets,rogue,because,you,done ,depressed,yourself,so,"much,",,,,,,,,,,,,,,,,,,,,,,,
ATL_se0_ag2_m_02_1,2088,ATL_int_01,2380.5215,2382.638,2.1165,you more than welcome. We pretty much done hit,1,1,we,hit,we_done_hit,PronounPersonal,VerbPastParticiple,PronounPersonal_done_VerbPastParticiple,,,,,,,,,,,,,,,,you,more,than,welcome.,We,pretty,much,done ,hit,,,,,,,,,,,,,,,,,,,,,,,,,,
ATL_se0_ag2_m_03_1,370,ATL_se0_ag2_m_03,447.8173,451.7859,3.9686,you feel me. It's- it's a lot of people that done got influenced from Atlanta cause Atlanta was like,1,1,that,influenced,that_done_influenced,PronounRelative,VerbPastParticiple,PronounRelative_done_VerbPastParticiple,,,,,,,,,,,,,you,feel,me.,It's-,it's,a,lot,of,people,that,done ,got,influenced,from,Atlanta,cause,Atlanta,was,like,,,,,,,,,,,,,,,,,,,
ATL_se0_ag2_m_03_1,492,ATL_int_01,604.3692,608.3481,3.9789,the Migos kind of just really highlighting some shit we done already known.,1,1,we,known,we_done_known,PronounPersonal,VerbPastParticiple,PronounPersonal_done_VerbPastParticiple,,,,,,,,,,,,,the,Migos,kind,of,just,really,highlighting,some,shit,we,done ,already,known.,,,,,,,,,,,,,,,,,,,,,,,,,
ATL_se0_ag2_m_03_1,687,ATL_se0_ag2_m_03,877.0895,880.8481,3.7586,"that weed, I done- I done got a little edge on that shit, you know what I mean, unless I'm'a just blow it",2,1,I,got,I_done_got,PronounPersonal,VerbPastParticiple,PronounPersonal_done_VerbPastParticiple,,,,,,,,,,,,,,,,,,that,"weed,",I,done-,I,done ,got,a,little,edge,on,that,"shit,",you,know,what,I,"mean,",unless,I'm'a,just,blow,it,,,,,,,,,,
ATL_se0_ag2_m_03_1,1514,ATL_se0_ag2_m_03,1906.3866,1910.9121,4.5255,"l- let me call your auntie. Nigga, you supposed to know this shit. Bitch, you done went to- to the- to the mother fucking",1,1,you,went,you_done_went,PronounPersonal,VerbPastParticiple,PronounPersonal_done_VerbPastParticiple,,,,,,,,l-,let,me,call,your,auntie.,"Nigga,",you,supposed,to,know,this,shit.,"Bitch,",you,done ,went,to-,to,the-,to,the,mother,fucking,,,,,,,,,,,,,,,,,,,
ATL_se0_ag2_m_03_1,1784,ATL_se0_ag2_m_03,2282.5681,2285.1203,2.5522,"I done hit the blunt, like I don't feel that shit right now.",1,1,I,hit,I_done_hit,PronounPersonal,VerbPastParticiple,PronounPersonal_done_VerbPastParticiple,,,,,,,,,,,,,,,,,,,,,,I,done ,hit,the,"blunt,",like,I,don't,feel,that,shit,right,now.,,,,,,,,,,,,,,,,
ATL_se0_ag2_m_03_1,2007,ATL_se0_ag2_m_03,2561.3532,2563.2079,1.8547,"oh, this nigga done played me, bruh.",1,1,nigga,played,nigga_done_played,Noun,VerbPastParticiple,Noun_done_VerbPastParticiple,,,,,,,,,,,,,,,,,,,,"oh,",this,nigga,done ,played,"me,",bruh.,,,,,,,,,,,,,,,,,,,,,,,,
ATL_se0_ag2_m_03_1,2141,ATL_se0_ag2_m_03,2748.1853,2752.7328,4.5475,"The street grind is strong, you feel me, but it all depend on how your street grind is. Now I seen niggas done blew",1,1,niggas,blew,niggas_done_blew,Noun,VerbPastParticiple,Noun_done_VerbPastParticiple,The,street,grind,is,"strong,",you,feel,"me,",but,it,all,depend,on,how,your,street,grind,is.,Now,I,seen,niggas,done ,blew,,,,,,,,,,,,,,,,,,,,,,,,,,
ATL_se0_ag2_m_03_1,2142,ATL_se0_ag2_m_03,2753.1078,2756.6034,3.4956,"off of that street grind shit, you feel me. I done seen niggas like, you know what I mean,",1,1,I,seen,I_done_seen,PronounPersonal,VerbPastParticiple,PronounPersonal_done_VerbPastParticiple,,,,,,,,,,,,,off,of,that,street,grind,"shit,",you,feel,me.,I,done ,seen,niggas,"like,",you,know,what,I,"mean,",,,,,,,,,,,,,,,,,,,
ATL_se0_ag2_m_03_1,2190,ATL_se0_ag2_m_03,2828.1548,2833.7475,5.5927,"I done s- I done- I done s- I done seen- I done heard your shit on a couple of niggas' shit, and niggas really wasn't spitting shit.",5,1,I,heard,I_done_heard,PronounPersonal,VerbPastParticiple,PronounPersonal_done_VerbPastParticiple,,,,,,,,,,,I,done,s-,I,done-,I,done,s-,I,done,seen-,I,done ,heard,your,shit,on,a,couple,of,niggas',"shit,",and,niggas,really,wasn't,spitting,shit.,,,,,,,,,,,,
DCA_se1_ag1_f_02_1,1274,DCA_se1_ag1_f_02,1388.5287,1389.7737,1.245,cause I done holler at her back.,1,1,I,holler,I_done_holler,PronounPersonal,VerbBase,PronounPersonal_done_VerbBase,,,,,,,,,,,,,,,,,,,,,cause,I,done ,holler,at,her,back.,,,,,,,,,,,,,,,,,,,,,,,
DCA_se1_ag1_f_02_1,1323,DCA_se1_ag1_f_02,1460.2396,1465.2791,5.0395,You done did all the work like you said. I did this. I did this. She won't let you read your library books or nothing.,1,1,you,did,you_done_did,PronounPersonal,VerbPastParticiple,PronounPersonal_done_VerbPastParticiple,,,,,,,,,,,,,,,,,,,,,,You,done ,did,all,the,work,like,you,said.,I,did,this.,I,did,this.,She,won't,let,you,read,your,library,books,or,nothing.,,,,
DCA_se1_ag1_f_02_1,1445,DCA_se1_ag1_f_02,1611.5313,1612.3146,0.7833,She done make us-,1,1,she,make,she_done_make,PronounPersonal,VerbBase,PronounPersonal_done_VerbBase,,,,,,,,,,,,,,,,,,,,,,She,done ,make,us-,,,,,,,,,,,,,,,,,,,,,,,,,
DCA_se1_ag1_m_03_1,983,DCA_se1_ag1_m_03,1020.9801,1023.8758,2.8957,"Cause they had done got the ruby, and they had done put it back.",2,2,they,got,they_done_got,PronounPersonal,VerbPastParticiple,PronounPersonal_done_VerbPastParticiple,,,,,,,,,,,,,,,,,,,,Cause,they,had,done ,got,the,"ruby,",and,they,had,done,put,it,back.,,,,,,,,,,,,,,,,,
DCA_se1_ag1_m_03_1,983,DCA_se1_ag1_m_03,1020.9801,1023.8758,2.8957,"Cause they had done got the ruby, and they had done put it back.",2,2,they,put,they_done_put,PronounPersonal,VerbPastParticiple,PronounPersonal_done_VerbPastParticiple,,,,,,,,,,,,,Cause,they,had,done,got,the,"ruby,",and,they,had,done ,put,it,back.,,,,,,,,,,,,,,,,,,,,,,,,
DCA_se1_ag1_m_03_1,1203,DCA_se1_ag1_m_03,1224.9988,1226.6215,1.6227,they done done in with Linc.,2,1,they,done,they_done_done,PronounPersonal,VerbPastParticiple,PronounPersonal_done_VerbPastParticiple,,,,,,,,,,,,,,,,,,,,,they,done,done ,in,with,Linc.,,,,,,,,,,,,,,,,,,,,,,,,
DCA_se1_ag4_m_01_1,14,DCA_se1_ag4_m_01,19.5696,24.1672,4.5976,"One other game we played, I done forgot the name of it now. Uh..",1,1,I,forgot,I_done_forgot,PronounPersonal,VerbPastParticiple,PronounPersonal_done_VerbPastParticiple,,,,,,,,,,,,,,,,,One,other,game,we,"played,",I,done ,forgot,the,name,of,it,now.,Uh..,,,,,,,,,,,,,,,,,,,,
DCA_se1_ag4_m_01_1,59,DCA_se1_ag4_m_01,94.2277,96.4049,2.1772,you done automatically won your points then.,1,1,you,won,you_done_won,PronounPersonal,VerbPastParticiple,PronounPersonal_done_VerbPastParticiple,,,,,,,,,,,,,,,,,,,,,,you,done ,automatically,won,your,points,then.,,,,,,,,,,,,,,,,,,,,,,
DCA_se1_ag4_m_01_1,105,DCA_se1_ag4_m_01,179.8233,182.1523,2.329,"this crime story, but I done forgot the name of it!",1,1,I,forgot,I_done_forgot,PronounPersonal,VerbPastParticiple,PronounPersonal_done_VerbPastParticiple,,,,,,,,,,,,,,,,,,this,crime,"story,",but,I,done ,forgot,the,name,of,it!,,,,,,,,,,,,,,,,,,,,,,
DCA_se1_ag4_m_01_1,251,DCA_se1_ag4_m_01,407.3017,408.999,1.6973,"I done forgot the name of it, uh-",1,1,I,forgot,I_done_forgot,PronounPersonal,VerbPastParticiple,PronounPersonal_done_VerbPastParticiple,,,,,,,,,,,,,,,,,,,,,,I,done ,forgot,the,name,of,"it,",uh-,,,,,,,,,,,,,,,,,,,,,
DCA_se2_ag3_m_01_1,2578,DCA_se2_ag3_m_01,2724.9954,2730.399,5.4036,"you know, you don't have enough money to pay for it. You done order all this food up, you know, and you don't have enough money to pay for it.",1,1,you,order,you_done_order,PronounPersonal,VerbBase,PronounPersonal_done_VerbBase,,,,,,,,,,,you,"know,",you,don't,have,enough,money,to,pay,for,it.,You,done ,order,all,this,food,"up,",you,"know,",and,you,don't,have,enough,money,to,pay,for,it.,,,,,,,,,,
DCA_se2_ag3_m_02_1,582,DCA_se2_ag3_m_02,686.3159,687.9246,1.6087,"whatever his name was, I done forgot his name.",1,1,I,forgot,I_done_forgot,PronounPersonal,VerbPastParticiple,PronounPersonal_done_VerbPastParticiple,,,,,,,,,,,,,,,,,,whatever,his,name,"was,",I,done ,forgot,his,name.,,,,,,,,,,,,,,,,,,,,,,,,
DCA_se3_ag1_f_04_1,720,DCA_se3_ag1_f_04,781.5161,783.2441,1.728,She done holler at me all the time.,1,1,she,holler,she_done_holler,PronounPersonal,VerbBase,PronounPersonal_done_VerbBase,,,,,,,,,,,,,,,,,,,,,,She,done ,holler,at,me,all,the,time.,,,,,,,,,,,,,,,,,,,,,
DCB_se1_ag2_f_02_1,2158,DCB_se1_ag2_f_02,3149.8151,3151.5991,1.784,"Like people done got killed at go gos,",1,1,people,killed,people_done_killed,Noun,VerbPastParticiple,Noun_done_VerbPastParticiple,,,,,,,,,,,,,,,,,,,,,Like,people,done ,got,killed,at,go,"gos,",,,,,,,,,,,,,,,,,,,,,,
DCB_se1_ag2_m_01_1,258,DCB_se1_ag2_m_01,385.6074,386.8599,1.2525,she done got honor roll since,1,1,she,got,she_done_got,PronounPersonal,VerbPastParticiple,PronounPersonal_done_VerbPastParticiple,,,,,,,,,,,,,,,,,,,,,,she,done ,got,honor,roll,since,,,,,,,,,,,,,,,,,,,,,,,
DCB_se1_ag2_m_01_1,442,DCB_se1_ag2_m_01,636.2518,638.4675,2.2157,I don't- I done did a couple of romantic things.,1,1,I,did,I_done_did,PronounPersonal,VerbPastParticiple,PronounPersonal_done_VerbPastParticiple,,,,,,,,,,,,,,,,,,,,I,don't-,I,done ,did,a,couple,of,romantic,things.,,,,,,,,,,,,,,,,,,,,,
DCB_se1_ag2_m_01_1,448,DCB_se1_ag2_m_01,647.523,648.7585,1.2355,See well I can't- she done did that.,1,1,she,did,she_done_did,PronounPersonal,VerbPastParticiple,PronounPersonal_done_VerbPastParticiple,,,,,,,,,,,,,,,,,,See,well,I,can't-,she,done ,did,that.,,,,,,,,,,,,,,,,,,,,,,,,,
DCB_se1_ag2_m_01_1,2741,DCB_se1_ag2_m_01,3743.4447,3749.9417,6.497,"you understand that this shit this woman done did for me like she did so much shit for me like and I just grow to appreciate it, you know what I'm saying. Like at first,",1,1,woman,did,woman_done_did,Noun,VerbPastParticiple,Noun_done_VerbPastParticiple,,,,,,,,,,,,,,,,you,understand,that,this,shit,this,woman,done ,did,for,me,like,she,did,so,much,shit,for,me,like,and,I,just,grow,to,appreciate,"it,",you,know,what,I'm,saying.,Like,at,"first,"
DCB_se1_ag2_m_01_1,3039,DCB_se1_ag2_m_01,4144.7412,4147.9359,3.1947,Every time I get around you I'm thinking about how you done hung my ancestors.,1,1,you,hung,you_done_hung,PronounPersonal,VerbPastParticiple,PronounPersonal_done_VerbPastParticiple,,,,,,,,,,,,Every,time,I,get,around,you,I'm,thinking,about,how,you,done ,hung,my,ancestors.,,,,,,,,,,,,,,,,,,,,,,,,
DCB_se1_ag2_m_01_1,3126,DCB_se1_ag2_m_01,4265.6561,4269.7708,4.1147,"You done bust out with something exclusive, you got a brand new ass blue shirt on now.",1,1,you,bust,you_done_bust,PronounPersonal,VerbBase,PronounPersonal_done_VerbBase,,,,,,,,,,,,,,,,,,,,,,You,done ,bust,out,with,something,"exclusive,",you,got,a,brand,new,ass,blue,shirt,on,now.,,,,,,,,,,,,
DCB_se1_ag2_m_02_1,180,DCB_se1_ag2_m_02,222.1131,223.7922,1.6791,"like I done seen it in myself,",1,1,I,seen,I_done_seen,PronounPersonal,VerbPastParticiple,PronounPersonal_done_VerbPastParticiple,,,,,,,,,,,,,,,,,,,,,like,I,done ,seen,it,in,"myself,",,,,,,,,,,,,,,,,,,,,,,,
DCB_se1_ag2_m_02_2,367,DCB_se1_ag2_m_02,515.5117,517.0977,1.586,confused they done had us,1,1,they,had,they_done_had,PronounPersonal,VerbPastParticiple,PronounPersonal_done_VerbPastParticiple,,,,,,,,,,,,,,,,,,,,,confused,they,done ,had,us,,,,,,,,,,,,,,,,,,,,,,,,,
DCB_se1_ag3_m_02_1,232,DCB_se1_ag3_m_02,289.6276,293.4626,3.835,"I would s- for me, for my age and what I done picked up off it,",1,1,I,picked,I_done_picked,PronounPersonal,VerbPastParticiple,PronounPersonal_done_VerbPastParticiple,,,,,,,,,,,,I,would,s-,for,"me,",for,my,age,and,what,I,done ,picked,up,off,"it,",,,,,,,,,,,,,,,,,,,,,,,
DCB_se1_ag3_m_02_1,386,DCB_se1_ag3_m_02,537.9699,540.1189,2.149,"I done lived in DC probably about,",1,1,I,lived,I_done_lived,PronounPersonal,VerbPastParticiple,PronounPersonal_done_VerbPastParticiple,,,,,,,,,,,,,,,,,,,,,,I,done ,lived,in,DC,probably,"about,",,,,,,,,,,,,,,,,,,,,,,
DCB_se1_ag3_m_02_2,232,DCB_se1_ag3_m_02,357.4537,358.9784,1.5247,I done been to every,1,1,I,been,I_done_been,PronounPersonal,VerbPastParticiple,PronounPersonal_done_VerbPastParticiple,,,,,,,,,,,,,,,,,,,,,,I,done ,been,to,every,,,,,,,,,,,,,,,,,,,,,,,,
DCB_se1_ag3_m_02_2,234,DCB_se1_ag3_m_02,359.3626,363.3372,3.9746,game that I like I done been to one except DC United game.,1,1,I,been,I_done_been,PronounPersonal,VerbPastParticiple,PronounPersonal_done_VerbPastParticiple,,,,,,,,,,,,,,,,,,game,that,I,like,I,done ,been,to,one,except,DC,United,game.,,,,,,,,,,,,,,,,,,,,
DCB_se1_ag4_f_01_1,50,DCB_se1_ag4_f_01,39.3426,41.9198,2.5772,They done tore it down but the building is still there.,1,1,they,tore,they_done_tore,PronounPersonal,VerbPastParticiple,PronounPersonal_done_VerbPastParticiple,,,,,,,,,,,,,,,,,,,,,,They,done ,tore,it,down,but,the,building,is,still,there.,,,,,,,,,,,,,,,,,,
DCB_se1_ag4_f_01_2,1000,DCB_se1_ag4_f_01,1157.0973,1161.6499,4.5526,"So y- it's not like you can't tell me nothing but if I'm telling you something that I done been through,",1,1,I,been,I_done_been,PronounPersonal,VerbPastParticiple,PronounPersonal_done_VerbPastParticiple,,,,,So,y-,it's,not,like,you,can't,tell,me,nothing,but,if,I'm,telling,you,something,that,I,done ,been,"through,",,,,,,,,,,,,,,,,,,,,,,,,,
DCB_se1_ag4_f_01_2,1407,DCB_se1_ag4_f_01,1628.1107,1629.1267,1.016,it done got worse.,1,1,it,worse,it_done_worse,PronounPersonal,Adjective,PronounPersonal_done_Adjective,,,,,,,,,,,,,,,,,,,,,,it,done ,got,worse.,,,,,,,,,,,,,,,,,,,,,,,,,
DCB_se1_ag4_f_01_2,1488,DCB_se1_ag4_f_01,1721.6557,1724.9332,3.2775,"Sometime I go- Yeah I done been to the capital I mean,",1,1,I,been,I_done_been,PronounPersonal,VerbPastParticiple,PronounPersonal_done_VerbPastParticiple,,,,,,,,,,,,,,,,,,Sometime,I,go-,Yeah,I,done ,been,to,the,capital,I,"mean,",,,,,,,,,,,,,,,,,,,,,
DCB_se1_ag4_m_01_1,3072,DCB_se1_ag4_m_01,3555.3065,3559.6463,4.3398,"Next three years, twenty-five hundred dollars you know, they- they done haven't taken advantage of that you know, so.",1,1,they,have,they_done_have,PronounPersonal,VerbBase,PronounPersonal_done_VerbBase,,,,,,,,,,,,,Next,three,"years,",twenty-five,hundred,dollars,you,"know,",they-,they,done ,haven't,taken,advantage,of,that,you,"know,",so.,,,,,,,,,,,,,,,,,,,
DCB_se1_ag4_m_02_1,409,DCB_se1_ag4_m_02,589.6227,592.5363,2.9136,But they taking pistols. They done- they done- they done changed that whole crime.,3,1,they,changed,they_done_changed,PronounPersonal,VerbPastParticiple,PronounPersonal_done_VerbPastParticiple,,,,,,,,,,,,,,But,they,taking,pistols.,They,done-,they,done-,they,done ,changed,that,whole,crime.,,,,,,,,,,,,,,,,,,,,,,,
DCB_se1_ag4_m_02_1,1215,DCB_se1_ag4_m_02,1627.0847,1630.8587,3.774,"and RD-SCHOOL-2- uh, tried to get on RD-SCHOOL-2 team, but they done told me I couldn't play for both.",1,1,they,told,they_done_told,PronounPersonal,VerbPastParticiple,PronounPersonal_done_VerbPastParticiple,,,,,,,,,,,,and,RD-SCHOOL-2-,"uh,",tried,to,get,on,RD-SCHOOL-2,"team,",but,they,done ,told,me,I,couldn't,play,for,both.,,,,,,,,,,,,,,,,,,,,
DCB_se1_ag4_m_02_1,1606,DCB_se1_ag3_m_01,2155.283,2156.274,0.991,You done put in your work.,1,1,you,put,you_done_put,PronounPersonal,VerbPastParticiple,PronounPersonal_done_VerbPastParticiple,,,,,,,,,,,,,,,,,,,,,,You,done ,put,in,your,work.,,,,,,,,,,,,,,,,,,,,,,,
DCB_se1_ag4_m_02_1,1770,DCB_se1_ag4_m_02,2366.2428,2371.6865,5.4437,"I'm just- I'm determined- yeah I'm determined- I'm determined to make it. It- you know, I done made it- I made it this far, you know, that's what I'm saying.",1,1,I,made,I_done_made,PronounPersonal,VerbPastParticiple,PronounPersonal_done_VerbPastParticiple,,,,,,,I'm,just-,I'm,determined-,yeah,I'm,determined-,I'm,determined,to,make,it.,It-,you,"know,",I,done ,made,it-,I,made,it,this,"far,",you,"know,",that's,what,I'm,saying.,,,,,,,,,,,,,,
DCB_se1_ag4_m_02_1,1773,DCB_se1_ag4_m_02,2372.1685,2373.4391,1.2706,I done made it to sixty seven.,1,1,I,made,I_done_made,PronounPersonal,VerbPastParticiple,PronounPersonal_done_VerbPastParticiple,,,,,,,,,,,,,,,,,,,,,,I,done ,made,it,to,sixty,seven.,,,,,,,,,,,,,,,,,,,,,,
DCB_se1_ag4_m_02_1,1847,DCB_se1_ag4_m_02,2455.3153,2458.4885,3.1732,"Shit, so I done said- , I walked- no matter where to we have.",1,1,I,said,I_done_said,PronounPersonal,VerbPastParticiple,PronounPersonal_done_VerbPastParticiple,,,,,,,,,,,,,,,,,,,,"Shit,",so,I,done ,said-,",",I,walked-,no,matter,where,to,we,have.,,,,,,,,,,,,,,,,,
DCB_se2_ag4_f_01_1,1178,DCB_se2_ag4_f_01,1471.6535,1473.7145,2.061,"Well, so I done survived, and I got 'em through s-",1,1,I,survived,I_done_survived,PronounPersonal,VerbPastParticiple,PronounPersonal_done_VerbPastParticiple,,,,,,,,,,,,,,,,,,,,"Well,",so,I,done ,"survived,",and,I,got,'em,through,s-,,,,,,,,,,,,,,,,,,,,
DCB_se2_ag4_f_01_1,3026,DCB_se2_ag4_f_01,3785.0453,3786.4768,1.4315,that you done moved everybody out.,1,1,you,moved,you_done_moved,PronounPersonal,VerbPastParticiple,PronounPersonal_done_VerbPastParticiple,,,,,,,,,,,,,,,,,,,,,that,you,done ,moved,everybody,out.,,,,,,,,,,,,,,,,,,,,,,,,
DCB_se2_ag4_f_01_1,3028,DCB_se2_ag4_f_01,3786.7986,3789.3445,2.5459,"And you done put bikes on every corner and all of that, and",1,1,you,put,you_done_put,PronounPersonal,VerbPastParticiple,PronounPersonal_done_VerbPastParticiple,,,,,,,,,,,,,,,,,,,,,And,you,done ,put,bikes,on,every,corner,and,all,of,"that,",and,,,,,,,,,,,,,,,,,
DCB_se2_ag4_f_01_1,3029,DCB_se2_ag4_f_01,3789.6383,3794.328,4.6897,you done put these- ap- overgrown these streets with apartment buildings and condos and,1,1,you,put,you_done_put,PronounPersonal,VerbPastParticiple,PronounPersonal_done_VerbPastParticiple,,,,,,,,,,,,,,,,,,,,,,you,done ,put,these-,ap-,overgrown,these,streets,with,apartment,buildings,and,condos,and,,,,,,,,,,,,,,,
DCB_se2_ag4_f_05_1,334,DCB_se2_ag4_f_05,511.3305,516.3947,5.0642,that we saw earlier looking prim and proper. Now she done change into something else.,1,1,she,change,she_done_change,PronounPersonal,VerbBase,PronounPersonal_done_VerbBase,,,,,,,,,,,,,that,we,saw,earlier,looking,prim,and,proper.,Now,she,done ,change,into,something,else.,,,,,,,,,,,,,,,,,,,,,,,
DCB_se2_ag4_m_01_1,2339,DCB_se2_ag4_m_01,3083.4172,3086.5904,3.1732,Cause I done killed- I done killed five of my years being in Lorton.,2,2,I,killed,I_done_killed,PronounPersonal,VerbPastParticiple,PronounPersonal_done_VerbPastParticiple,,,,,,,,,,,,,,,,,,,,,Cause,I,done ,killed-,I,done,killed,five,of,my,years,being,in,Lorton.,,,,,,,,,,,,,,,,
DCB_se2_ag4_m_01_1,2339,DCB_se2_ag4_m_01,3083.4172,3086.5904,3.1732,Cause I done killed- I done killed five of my years being in Lorton.,2,2,I,killed,I_done_killed,PronounPersonal,VerbPastParticiple,PronounPersonal_done_VerbPastParticiple,,,,,,,,,,,,,,,,,,Cause,I,done,killed-,I,done ,killed,five,of,my,years,being,in,Lorton.,,,,,,,,,,,,,,,,,,,
DCB_se2_ag4_m_01_1,3062,DCB_se2_ag4_m_01,3971.9842,3973.3741,1.3899,that these kids done have?,1,1,kids,have,kids_done_have,Noun,VerbBase,Noun_done_VerbBase,,,,,,,,,,,,,,,,,,,,that,these,kids,done ,have?,,,,,,,,,,,,,,,,,,,,,,,,,,
DCB_se2_ag4_m_01_1,3122,DCB_se2_ag4_m_01,4055.3147,4057.2783,1.9636,It's a lot done changed. It- it- it's a lot.,1,1,lot,changed,lot_done_changed,Noun,VerbPastParticiple,Noun_done_VerbPastParticiple,,,,,,,,,,,,,,,,,,,,It's,a,lot,done ,changed.,It-,it-,it's,a,lot.,,,,,,,,,,,,,,,,,,,,,
DCB_se3_ag1_f_01_1,1011,DCB_se3_ag1_f_01,1296.3732,1301.3109,4.9377,"every time you go to school you got all the flags of, all the schools every teacher who done went to,",1,1,who,went,who_done_went,PronounRelative,VerbPastParticiple,PronounRelative_done_VerbPastParticiple,,,,,every,time,you,go,to,school,you,got,all,the,flags,"of,",all,the,schools,every,teacher,who,done ,went,"to,",,,,,,,,,,,,,,,,,,,,,,,,,
DCB_se3_ag1_f_01_1,1059,DCB_se3_ag1_f_01,1361.0461,1364.2755,3.2294,"I don't like feeling like I've done did something wrong, so.",1,1,I,did,I_done_did,PronounPersonal,VerbPastParticiple,PronounPersonal_done_VerbPastParticiple,,,,,,,,,,,,,,,,,I,don't,like,feeling,like,I've,done ,did,something,"wrong,",so.,,,,,,,,,,,,,,,,,,,,,,,
DCB_se3_ag3_f_02_1,880,DCB_se3_ag3_f_02,939.8723,942.2045,2.3322,"And I'm done, you know, I- I done gave you good grades.",2,1,I,gave,I_done_gave,PronounPersonal,VerbPastParticiple,PronounPersonal_done_VerbPastParticiple,,,,,,,,,,,,,,,,And,I'm,"done,",you,"know,",I-,I,done ,gave,you,good,grades.,,,,,,,,,,,,,,,,,,,,,,,
DCB_se3_ag3_f_02_1,1704,DCB_se3_ag3_f_02,1719.5539,1720.9853,1.4314,and I done have fun doing that.,1,1,I,have,I_done_have,PronounPersonal,VerbBase,PronounPersonal_done_VerbBase,,,,,,,,,,,,,,,,,,,,,and,I,done ,have,fun,doing,that.,,,,,,,,,,,,,,,,,,,,,,,
DCB_se3_ag3_m_02_2,189,DCB_se3_ag3_m_02,221.3496,222.6722,1.3226,"you crazy, you done lost your mind.",1,1,you,lost,you_done_lost,PronounPersonal,VerbPastParticiple,PronounPersonal_done_VerbPastParticiple,,,,,,,,,,,,,,,,,,,,you,"crazy,",you,done ,lost,your,mind.,,,,,,,,,,,,,,,,,,,,,,,,
LES_se0_ag3_m_01_1,995,LES_se0_ag3_m_01,1183.094,1184.4763,1.3823,"uh, I done did it all.",1,1,I,did,I_done_did,PronounPersonal,VerbPastParticiple,PronounPersonal_done_VerbPastParticiple,,,,,,,,,,,,,,,,,,,,,"uh,",I,done ,did,it,all.,,,,,,,,,,,,,,,,,,,,,,,,
LES_se0_ag3_m_01_1,1418,LES_se0_ag3_m_01,1681.8891,1683.6277,1.7386,"Nah, he's um, he done went to",1,1,he,went,he_done_went,PronounPersonal,VerbPastParticiple,PronounPersonal_done_VerbPastParticiple,,,,,,,,,,,,,,,,,,,"Nah,",he's,"um,",he,done ,went,to,,,,,,,,,,,,,,,,,,,,,,,,,
PRV_se0_ag2_f_02_1,1671,PRV_se0_ag2_f_02,1784.0895,1786.9113,2.8218,I'm talking about older now. I done got older now.,1,1,I,older,I_done_older,PronounPersonal,Adjective,PronounPersonal_done_Adjective,,,,,,,,,,,,,,,,,I'm,talking,about,older,now.,I,done ,got,older,now.,,,,,,,,,,,,,,,,,,,,,,,,
PRV_se0_ag2_f_03_1,299,PRV_se0_ag2_f_03,397.1189,399.2233,2.1044,And my daughter she love it done met,1,1,it,met,it_done_met,PronounPersonal,VerbPastParticiple,PronounPersonal_done_VerbPastParticiple,,,,,,,,,,,,,,,,,And,my,daughter,she,love,it,done ,met,,,,,,,,,,,,,,,,,,,,,,,,,,
PRV_se0_ag2_m_01_1,1874,PRV_se0_ag2_m_01,1638.5988,1639.219,0.6202,Done worked there.,1,1,constituentbounday,worked,constituentbounday_done_worked,ConstituentBoundary,VerbPastParticiple,ConstituentBoundary_done_VerbPastParticiple,,,,,,,,,,,,,,,,,,,,,,,Done ,worked,there.,,,,,,,,,,,,,,,,,,,,,,,,,
PRV_se0_ag2_m_01_1,1882,PRV_se0_ag2_m_01,1644.2211,1646.1469,1.9258,"Oh, it done changed so many time to what it is now.",1,1,it,changed,it_done_changed,PronounPersonal,VerbPastParticiple,PronounPersonal_done_VerbPastParticiple,,,,,,,,,,,,,,,,,,,,,"Oh,",it,done ,changed,so,many,time,to,what,it,is,now.,,,,,,,,,,,,,,,,,,
PRV_se0_ag2_m_01_1,1932,misc,1677.9514,1679.2506,1.2992,all of 'em done worked at Enterprise,1,1,all,worked,all_done_worked,PronounIndefinite,VerbPastParticiple,PronounIndefinite_done_VerbPastParticiple,,,,,,,,,,,,,,,,,,,,all,of,'em,done ,worked,at,Enterprise,,,,,,,,,,,,,,,,,,,,,,,,
PRV_se0_ag2_m_01_1,1936,misc,1681.4288,1683.6856,2.2568,Pretty much everybody done worked there that stays in Princeville.,1,1,everybody,worked,everybody_done_worked,PronounIndefinite,VerbPastParticiple,PronounIndefinite_done_VerbPastParticiple,,,,,,,,,,,,,,,,,,,,Pretty,much,everybody,done ,worked,there,that,stays,in,Princeville.,,,,,,,,,,,,,,,,,,,,,
PRV_se0_ag2_m_01_1,2378,PRV_se0_ag2_m_01,2083.2899,2084.1199,0.83,Ever done seen,1,1,constituentbounday,seen,constituentbounday_done_seen,ConstituentBoundary,VerbPastParticiple,ConstituentBoundary_done_VerbPastParticiple,,,,,,,,,,,,,,,,,,,,,,Ever,done ,seen,,,,,,,,,,,,,,,,,,,,,,,,,,
PRV_se0_ag2_m_01_1,3032,PRV_se0_ag2_m_01,2655.1447,2656.2433,1.0986,I got- done got a spanking,1,1,I,got,I_done_got,PronounPersonal,VerbPastParticiple,PronounPersonal_done_VerbPastParticiple,,,,,,,,,,,,,,,,,,,,,I,got-,done ,got,a,spanking,,,,,,,,,,,,,,,,,,,,,,,,
PRV_se0_ag2_m_01_1,3034,PRV_se0_ag2_m_01,2656.6882,2657.4471,0.7589,for something you done did.,1,1,you,did,you_done_did,PronounPersonal,VerbPastParticiple,PronounPersonal_done_VerbPastParticiple,,,,,,,,,,,,,,,,,,,,for,something,you,done ,did.,,,,,,,,,,,,,,,,,,,,,,,,,,
PRV_se0_ag2_m_02_1,552,PRV_se0_ag2_m_02,586.0871,591.8315,5.7444,some of the school- We did have one incident when I was in that- at high school where we done felt that black students was being,1,1,we,felt,we_done_felt,PronounPersonal,VerbPastParticiple,PronounPersonal_done_VerbPastParticiple,,,,some,of,the,school-,We,did,have,one,incident,when,I,was,in,that-,at,high,school,where,we,done ,felt,that,black,students,was,being,,,,,,,,,,,,,,,,,,,,,
PRV_se0_ag2_m_02_1,2393,PRV_se0_ag2_m_02,2663.7425,2664.6271,0.8846,And you done had a-,1,1,you,had,you_done_had,PronounPersonal,VerbPastParticiple,PronounPersonal_done_VerbPastParticiple,,,,,,,,,,,,,,,,,,,,,And,you,done ,had,a-,,,,,,,,,,,,,,,,,,,,,,,,,
PRV_se0_ag2_m_02_2,839,PRV_se0_ag2_m_02,833.6059,837.2699,3.664,location  away from home. ECU. We done got some now at ECU.,1,1,we,got,we_done_got,PronounPersonal,VerbPastParticiple,PronounPersonal_done_VerbPastParticiple,,,,,,,,,,,,,,,,,location,away,from,home.,ECU.,We,done ,got,some,now,at,ECU.,,,,,,,,,,,,,,,,,,,,,,
PRV_se0_ag3_f_03_1,272,PRV_se0_ag2_f_03,300.8016,301.8714,1.0698,Everybody had done gone,1,1,everybody,gone,everybody_done_gone,PronounIndefinite,VerbPastParticiple,PronounIndefinite_done_VerbPastParticiple,,,,,,,,,,,,,,,,,,,,,Everybody,had,done ,gone,,,,,,,,,,,,,,,,,,,,,,,,,,
PRV_se0_ag3_f_03_1,476,PRV_se0_ag2_f_03,548.9942,552.4733,3.4791,"told- and my husband went to the door. And he said, everybody done gone away from back here.",1,1,everybody,gone,everybody_done_gone,PronounIndefinite,VerbPastParticiple,PronounIndefinite_done_VerbPastParticiple,,,,,,,,,,,told-,and,my,husband,went,to,the,door.,And,he,"said,",everybody,done ,gone,away,from,back,here.,,,,,,,,,,,,,,,,,,,,,,
PRV_se0_ag3_f_03_1,498,PRV_se0_ag2_f_03,575.7349,578.4613,2.7264,"And his family already had done left him, so he stayed back for the-",1,1,family,left,family_done_left,Noun,VerbPastParticiple,Noun_done_VerbPastParticiple,,,,,,,,,,,,,,,,,,And,his,family,already,had,done ,left,"him,",so,he,stayed,back,for,the-,,,,,,,,,,,,,,,,,,,
PRV_se0_ag3_f_04_1,1670,PRV_se0_ag3_f_04,2214.7557,2219.9605,5.2048,Well at that time it was Carolina Enterprise but it done changed names.,1,1,it,changed,it_done_changed,PronounPersonal,VerbPastParticiple,PronounPersonal_done_VerbPastParticiple,,,,,,,,,,,,,Well,at,that,time,it,was,Carolina,Enterprise,but,it,done ,changed,names.,,,,,,,,,,,,,,,,,,,,,,,,,
PRV_se0_ag3_f_04_3,1046,PRV_se0_ag3_f_04,1483.1758,1484.7615,1.5857,"And she done told me,",1,1,she,told,she_done_told,PronounPersonal,VerbPastParticiple,PronounPersonal_done_VerbPastParticiple,,,,,,,,,,,,,,,,,,,,,And,she,done ,told,"me,",,,,,,,,,,,,,,,,,,,,,,,,,
PRV_se0_ag3_m_02_1,569,PRV_se0_ag3_m_02,728.3044,731.9661,3.6617,And anybody have seen much as I've seen feels like it done changed too much.,1,1,it,changed,it_done_changed,PronounPersonal,VerbPastParticiple,PronounPersonal_done_VerbPastParticiple,,,,,,,,,,,,And,anybody,have,seen,much,as,I've,seen,feels,like,it,done ,changed,too,much.,,,,,,,,,,,,,,,,,,,,,,,,
PRV_se0_ag3_m_02_1,669,PRV_se0_ag3_m_02,870.1744,872.8752,2.7008,I'm figuring on getting some more- I done talked to a guy about some more weight.,1,1,I,talked,I_done_talked,PronounPersonal,VerbPastParticiple,PronounPersonal_done_VerbPastParticiple,,,,,,,,,,,,,,,,I'm,figuring,on,getting,some,more-,I,done ,talked,to,a,guy,about,some,more,weight.,,,,,,,,,,,,,,,,,,,
PRV_se0_ag3_m_02_2,618,PRV_se0_ag3_m_02,783.6107,785.31,1.6993,But then I think they done cremate her.,1,1,they,cremate,they_done_cremate,PronounPersonal,VerbBase,PronounPersonal_done_VerbBase,,,,,,,,,,,,,,,,,,But,then,I,think,they,done ,cremate,her.,,,,,,,,,,,,,,,,,,,,,,,,,
PRV_se0_ag3_m_03_1,1619,PRV_se0_ag3_m_03,1785.2378,1788.0096,2.7718,president and all them crowd done took all this money away from 'em.,1,1,crowd,took,crowd_done_took,Noun,VerbPastParticiple,Noun_done_VerbPastParticiple,,,,,,,,,,,,,,,,,,president,and,all,them,crowd,done ,took,all,this,money,away,from,'em.,,,,,,,,,,,,,,,,,,,,
PRV_se0_ag3_m_03_1,1626,PRV_se0_ag3_m_03,1794.3504,1795.7042,1.3538,They done took they building money from you?,1,1,they,took,they_done_took,PronounPersonal,VerbPastParticiple,PronounPersonal_done_VerbPastParticiple,,,,,,,,,,,,,,,,,,,,,,They,done ,took,they,building,money,from,you?,,,,,,,,,,,,,,,,,,,,,
ROC_se0_ag1_m_01_1,555,ROC_se0_ag1_m_01,703.6481,708.1618,4.5137,"um, I done seen like people done graduated and seen people",2,2,people,graduated,people_done_graduated,Noun,VerbPastParticiple,Noun_done_VerbPastParticiple,,,,,,,,,,,,,,,,,,,,,"um,",I,done ,seen,like,people,done,graduated,and,seen,people,,,,,,,,,,,,,,,,,,,
ROC_se0_ag1_m_01_1,555,ROC_se0_ag1_m_01,703.6481,708.1618,4.5137,"um, I done seen like people done graduated and seen people",2,2,I,seen,I_done_seen,PronounPersonal,VerbPastParticiple,PronounPersonal_done_VerbPastParticiple,,,,,,,,,,,,,,,,,"um,",I,done,seen,like,people,done ,graduated,and,seen,people,,,,,,,,,,,,,,,,,,,,,,,
ROC_se0_ag1_m_01_1,713,ROC_se0_ag1_m_01,893.9159,894.8539,0.938,I done been everywhere.,1,1,I,been,I_done_everywhere,PronounPersonal,VerbPastParticiple,PronounPersonal_done_VerbPastParticiple,,,,,,,,,,,,,,,,,,,,,,I,done ,been,everywhere.,,,,,,,,,,,,,,,,,,,,,,,,,
ROC_se0_ag1_m_01_1,2835,ROC_se0_ag1_m_01,3541.6832,3543.4913,1.8081,man done got popped literally by,1,1,man,popped,man_done_popped,Noun,VerbPastParticiple,Noun_done_VerbPastParticiple,,,,,,,,,,,,,,,,,,,,,,man,done ,got,popped,literally,by,,,,,,,,,,,,,,,,,,,,,,,
ROC_se0_ag1_m_02_1,756,ROC_se0_ag1_m_02,814.4919,817.5041,3.0122,"and we all done had like, to introduce ourself. I was the only black kid in there,",1,1,we,had,we_done_had,PronounPersonal,VerbPastParticiple,PronounPersonal_done_VerbPastParticiple,,,,,,,,,,,,,,,,,,,,and,we,all,done ,had,"like,",to,introduce,ourself.,I,was,the,only,black,kid,in,"there,",,,,,,,,,,,,,,
ROC_se0_ag2_f_02_1,681,ROC_se0_ag2_f_02,909.7205,911.5852,1.8647,oh I guess she done slept with everybody ,1,1,she,slept,she_done_slept,PronounPersonal,VerbPastParticiple,PronounPersonal_done_VerbPastParticiple,,,,,,,,,,,,,,,,,,,oh,I,guess,she,done ,slept,with,everybody,,,,,,,,,,,,,,,,,,,,,,,,
ROC_se0_ag3_f_01_1,1096,ROC_se0_ag3_f_01,1195.1992,1200.1781,4.9789,"I don't think it's more so the violence. I just think, okay, I done went to school for all these years.",1,1,I,went,I_done_went,PronounPersonal,VerbPastParticiple,PronounPersonal_done_VerbPastParticiple,,,,,,,,,,I,don't,think,it's,more,so,the,violence.,I,just,"think,","okay,",I,done ,went,to,school,for,all,these,years.,,,,,,,,,,,,,,,,,,,,
ROC_se0_ag3_f_02_1,777,ROC_se0_ag3_f_02,850.9576,853.4324,2.4748,"And I wore corduroys, you know, I done had",1,1,I,had,I_done_had,PronounPersonal,VerbPastParticiple,PronounPersonal_done_VerbPastParticiple,,,,,,,,,,,,,,,,And,I,wore,"corduroys,",you,"know,",I,done ,had,,,,,,,,,,,,,,,,,,,,,,,,,,
VLD_se0_ag3_f_01_1,608,VLD_se0_ag3_f_01,892.9491,895.9695,3.0204,"No, RD-SCHOOL-3 was always elem- they done went to fifth and sixth grade.",1,1,they,went,they_done_went,PronounPersonal,VerbPastParticiple,PronounPersonal_done_VerbPastParticiple,,,,,,,,,,,,,,,,,"No,",RD-SCHOOL-3,was,always,elem-,they,done ,went,to,fifth,and,sixth,grade.,,,,,,,,,,,,,,,,,,,,,
VLD_se0_ag3_m_01_2,1202,VLD_se0_ag3_m_01,1535.2298,1538.555,3.3252,You know what I'm saying. Boy he done gave me a pistol he gave Calvin a pistol.,1,1,he,gave,he_done_gave,PronounPersonal,VerbPastParticiple,PronounPersonal_done_VerbPastParticiple,,,,,,,,,,,,,,,,You,know,what,I'm,saying.,Boy,he,done ,gave,me,a,pistol,he,gave,Calvin,a,pistol.,,,,,,,,,,,,,,,,,,
VLD_se0_ag3_m_01_2,1363,VLD_se0_ag3_m_01,1717.0904,1720.6144,3.524,boy I'm talking about I had done went down through it boy I'm talking about ooh wee.,1,1,I,went,I_done_went,PronounPersonal,VerbPastParticiple,PronounPersonal_done_VerbPastParticiple,,,,,,,,,,,,,,,,,boy,I'm,talking,about,I,had,done ,went,down,through,it,boy,I'm,talking,about,ooh,wee.,,,,,,,,,,,,,,,,,
VLD_se0_ag3_m_01_2,1675,VLD_se0_ag3_m_01,2071.0232,2073.4749,2.4517,"I said now RD-NAME-2 done had a stroke, she still getting it.",1,1,RD-NAME-2,had,RD-NAME-2_done_had,PronounPersonal,VerbPastParticiple,PronounPersonal_done_VerbPastParticiple,,,,,,,,,,,,,,,,,,,I,said,now,RD-NAME-2,done ,had,a,"stroke,",she,still,getting,it.,,,,,,,,,,,,,,,,,,,,
VLD_se0_ag4_f_02_1,567,VLD_se0_ag4_f_02,598.3205,601.0798,2.7593,They go home and get a beating because they done took their hair loose.,1,1,they,took,they_done_took,PronounPersonal,VerbPastParticiple,PronounPersonal_done_VerbPastParticiple,,,,,,,,,,,,,,They,go,home,and,get,a,beating,because,they,done ,took,their,hair,loose.,,,,,,,,,,,,,,,,,,,,,,,
VLD_se0_ag4_m_01_1,1483,VLD_se0_ag4_m_01,1479.2663,1480.8529,1.5866,"times we done had in this country,",1,1,we,had,we_done_had,PronounPersonal,VerbPastParticiple,PronounPersonal_done_VerbPastParticiple,,,,,,,,,,,,,,,,,,,,,times,we,done ,had,in,this,"country,",,,,,,,,,,,,,,,,,,,,,,,
VLD_se0_ag4_m_02_1,6,VLD_se0_ag4_m_02,7.3153,8.5324,1.2171,How many people you done did this?,1,1,you,did,you_done_did,PronounPersonal,VerbPastParticiple,PronounPersonal_done_VerbPastParticiple,,,,,,,,,,,,,,,,,,,How,many,people,you,done ,did,this?,,,,,,,,,,,,,,,,,,,,,,,,,
VLD_se0_ag4_m_02_1,1701,VLD_se0_ag4_m_02,2030.4268,2033.7722,3.3454,"it just a lot of stuff I done went through. Went under houses, done seen snakes.",2,1,I,went,I_done_went,PronounPersonal,VerbPastParticiple,PronounPersonal_done_VerbPastParticiple,,,,,,,,,,it,just,a,lot,of,stuff,I,done,went,through.,Went,under,"houses,",done ,seen,snakes.,,,,,,,,,,,,,,,,,,,,,,,,,
VLD_se0_ag4_m_02_1,1739,VLD_se0_ag4_m_02,2074.9307,2078.8378,3.9071,"Man that was crazy, see that spider still sitting there after you done did all this beating on the wall.",1,1,you,did,you_done_did,PronounPersonal,VerbPastParticiple,PronounPersonal_done_VerbPastParticiple,,,,,,,,,,,Man,that,was,"crazy,",see,that,spider,still,sitting,there,after,you,done ,did,all,this,beating,on,the,wall.,,,,,,,,,,,,,,,,,,,,
VLD_se0_ag4_m_02_1,1933,VLD_se0_ag4_m_02,2298.284,2301.9718,3.6878,"I gets back to Valdosta, they done made arrangement for me to meet my mother.",1,1,they,made,they_done_made,PronounPersonal,VerbPastParticiple,PronounPersonal_done_VerbPastParticiple,,,,,,,,,,,,,,,,,I,gets,back,to,"Valdosta,",they,done ,made,arrangement,for,me,to,meet,my,mother.,,,,,,,,,,,,,,,,,,,