File,Line,InstancesCountPerLine,FeatureCountPerLine,Content,L3_L1_List,L3_L1_Tuple,CleanedL3_L1_List,CleanedL3_L1_Tuple,Count_CleanedL3_L1_Tuple,NormCount_CleanedL3_L1_Tuple,R1_R3_List,R1_R3_Tuple,CleanedR1_R3_List,CleanedR1_R3_Tuple,Count_CleanedR1_R3_Tuple,NormCount_CleanedR1_R3_Tuple,L3,Cleaned_L3,L3_Count,L3_Norm_Count,L2,Cleaned_L2,L2_Count,L2_Norm_Count,L1,Cleaned_L1,L1_Count,L1_Norm_Count,R1,Cleaned_R1,R1_Count,R1_Norm_Count,R2,Cleaned_R2,R2_Count,R2_Norm_Count,R3,Cleaned_R3,R3_Count,R3_Norm_Count
ATL_se0_ag1_m_01_1,214,1,1,N- you done came to find some more shit.,"[nan, 'N-', 'you']","(nan, 'N-', 'you')","['n-', 'you']","('n-', 'you')",1.0,0.07246093268814119,"['came', 'to', 'find']","('came', 'to', 'find')","['came', 'to', 'find']","('came', 'to', 'find')",1.0,0.07246093268814119,,,40.0,2.8984373075256475,N-,n,1.0,0.07246093268814119,you,you,18.0,1.3042967883865415,came,came,1.0,0.07246093268814119,to,to,11.0,0.7970702595695531,find,find,1.0,0.07246093268814119
ATL_se0_ag1_m_03_1,2091,1,1,"I'm like, come on, man, not agai- y'all done already jumped- come on, man.","['not', 'agai-', ""y'all""]","('not', 'agai-', ""y'all"")","['not', 'agai-', ""y'all""]","('not', 'agai-', ""y'all"")",1.0,0.07246093268814119,"['already', 'jumped-', 'come']","('already', 'jumped-', 'come')","['already', 'jumped-', 'come']","('already', 'jumped-', 'come')",1.0,0.07246093268814119,not,not,1.0,0.07246093268814119,agai-,agai,1.0,0.07246093268814119,y'all,y'all,1.0,0.07246093268814119,already,already,2.0,0.14492186537628238,jumped-,jumped,1.0,0.07246093268814119,come,come,1.0,0.07246093268814119
ATL_se0_ag1_m_04_1,650,1,1,before they even realize what you got. And a lot of people- I done had people,"['of', 'people-', 'I']","('of', 'people-', 'I')","['of', 'people-', 'i']","('of', 'people-', 'i')",1.0,0.07246093268814119,"['had', 'people', nan]","('had', 'people', nan)","['had', 'people']","('had', 'people')",1.0,0.07246093268814119,of,of,2.0,0.14492186537628238,people-,people,3.0,0.21738279806442357,I,i,35.0,2.5361326440849417,had,had,7.0,0.5072265288169884,people,people,1.0,0.07246093268814119,,,25.0,1.8115233172035299
ATL_se0_ag1_m_04_1,686,1,1,Hold up now cause I- I done been to a couple your shows. I haven't been to all of 'em,"['cause', 'I-', 'I']","('cause', 'I-', 'I')","['cause', 'i-', 'i']","('cause', 'i-', 'i')",1.0,0.07246093268814119,"['been', 'to', 'a']","('been', 'to', 'a')","['been', 'to', 'a']","('been', 'to', 'a')",1.0,0.07246093268814119,cause,cause,2.0,0.14492186537628238,I-,i,4.0,0.28984373075256475,I,i,35.0,2.5361326440849417,been,been,7.0,0.5072265288169884,to,to,11.0,0.7970702595695531,a,a,3.0,0.21738279806442357
ATL_se0_ag1_m_04_2,245,1,1,"I mean, nobody had done been, um, coming to you tryna push that","['mean,', 'nobody', 'had']","('mean,', 'nobody', 'had')","['mean', 'nobody', 'had']","('mean', 'nobody', 'had')",1.0,0.07246093268814119,"['been,', 'um,', 'coming']","('been,', 'um,', 'coming')","['been', 'um', 'coming']","('been', 'um', 'coming')",1.0,0.07246093268814119,"mean,",mean,1.0,0.07246093268814119,nobody,nobody,1.0,0.07246093268814119,had,had,6.0,0.43476559612884713,"been,",been,7.0,0.5072265288169884,"um,",um,1.0,0.07246093268814119,coming,coming,1.0,0.07246093268814119
ATL_se0_ag1_m_05_1,659,1,1,I done did a few folks,"[nan, nan, 'I']","(nan, nan, 'I')",['i'],"('i',)",7.0,0.5072265288169884,"['did', 'a', 'few']","('did', 'a', 'few')","['did', 'a', 'few']","('did', 'a', 'few')",1.0,0.07246093268814119,,,40.0,2.8984373075256475,,,21.0,1.5216795864509651,I,i,35.0,2.5361326440849417,did,did,10.0,0.7246093268814119,a,a,6.0,0.43476559612884713,few,few,1.0,0.07246093268814119
ATL_se0_ag1_m_05_1,1080,1,1,"uh, you done went out let's say a night after that as well too,","[nan, 'uh,', 'you']","(nan, 'uh,', 'you')","['uh', 'you']","('uh', 'you')",1.0,0.07246093268814119,"['went', 'out', ""let's""]","('went', 'out', ""let's"")","['went', 'out', ""let's""]","('went', 'out', ""let's"")",1.0,0.07246093268814119,,,40.0,2.8984373075256475,"uh,",uh,2.0,0.14492186537628238,you,you,18.0,1.3042967883865415,went,went,7.0,0.5072265288169884,out,out,2.0,0.14492186537628238,let's,let's,1.0,0.07246093268814119
ATL_se0_ag2_m_01_1,593,1,1,"It gets rogue because you done depressed yourself so much,","['rogue', 'because', 'you']","('rogue', 'because', 'you')","['rogue', 'because', 'you']","('rogue', 'because', 'you')",1.0,0.07246093268814119,"['depressed', 'yourself', 'so']","('depressed', 'yourself', 'so')","['depressed', 'yourself', 'so']","('depressed', 'yourself', 'so')",1.0,0.07246093268814119,rogue,rogue,1.0,0.07246093268814119,because,because,2.0,0.14492186537628238,you,you,18.0,1.3042967883865415,depressed,depressed,1.0,0.07246093268814119,yourself,yourself,1.0,0.07246093268814119,so,so,2.0,0.14492186537628238
ATL_se0_ag2_m_02_1,2088,1,1,you more than welcome. We pretty much done hit,"['We', 'pretty', 'much']","('We', 'pretty', 'much')","['we', 'pretty', 'much']","('we', 'pretty', 'much')",1.0,0.07246093268814119,"['hit', nan, nan]","('hit', nan, nan)",['hit'],"('hit',)",1.0,0.07246093268814119,We,we,2.0,0.14492186537628238,pretty,pretty,1.0,0.07246093268814119,much,much,1.0,0.07246093268814119,hit,hit,2.0,0.14492186537628238,,,8.0,0.5796874615051295,,,25.0,1.8115233172035299
ATL_se0_ag2_m_03_1,370,1,1,you feel me. It's- it's a lot of people that done got influenced from Atlanta cause Atlanta was like,"['of', 'people', 'that']","('of', 'people', 'that')","['of', 'people', 'that']","('of', 'people', 'that')",1.0,0.07246093268814119,"['got', 'influenced', 'from']","('got', 'influenced', 'from')","['got', 'influenced', 'from']","('got', 'influenced', 'from')",1.0,0.07246093268814119,of,of,2.0,0.14492186537628238,people,people,3.0,0.21738279806442357,that,that,1.0,0.07246093268814119,got,got,10.0,0.7246093268814119,influenced,influenced,1.0,0.07246093268814119,from,from,2.0,0.14492186537628238
ATL_se0_ag2_m_03_1,492,1,1,the Migos kind of just really highlighting some shit we done already known.,"['some', 'shit', 'we']","('some', 'shit', 'we')","['some', 'shit', 'we']","('some', 'shit', 'we')",1.0,0.07246093268814119,"['already', 'known.', nan]","('already', 'known.', nan)","['already', 'known']","('already', 'known')",1.0,0.07246093268814119,some,some,2.0,0.14492186537628238,shit,shit,1.0,0.07246093268814119,we,we,4.0,0.28984373075256475,already,already,2.0,0.14492186537628238,known.,known,1.0,0.07246093268814119,,,25.0,1.8115233172035299
ATL_se0_ag2_m_03_1,687,2,1,"that weed, I done- I done got a little edge on that shit, you know what I mean, unless I'm'a just blow it","['I', 'done-', 'I']","('I', 'done-', 'I')","['i', 'done-', 'i']","('i', 'done-', 'i')",1.0,0.07246093268814119,"['got', 'a', 'little']","('got', 'a', 'little')","['got', 'a', 'little']","('got', 'a', 'little')",1.0,0.07246093268814119,I,i,7.0,0.5072265288169884,done-,done,2.0,0.14492186537628238,I,i,35.0,2.5361326440849417,got,got,10.0,0.7246093268814119,a,a,6.0,0.43476559612884713,little,little,1.0,0.07246093268814119
ATL_se0_ag2_m_03_1,1514,1,1,"l- let me call your auntie. Nigga, you supposed to know this shit. Bitch, you done went to- to the- to the mother fucking","['shit.', 'Bitch,', 'you']","('shit.', 'Bitch,', 'you')","['shit', 'bitch', 'you']","('shit', 'bitch', 'you')",1.0,0.07246093268814119,"['went', 'to-', 'to']","('went', 'to-', 'to')","['went', 'to-', 'to']","('went', 'to-', 'to')",1.0,0.07246093268814119,shit.,shit,3.0,0.21738279806442357,"Bitch,",bitch,1.0,0.07246093268814119,you,you,18.0,1.3042967883865415,went,went,7.0,0.5072265288169884,to-,to,11.0,0.7970702595695531,to,to,3.0,0.21738279806442357
ATL_se0_ag2_m_03_1,1784,1,1,"I done hit the blunt, like I don't feel that shit right now.","[nan, nan, 'I']","(nan, nan, 'I')",['i'],"('i',)",7.0,0.5072265288169884,"['hit', 'the', 'blunt,']","('hit', 'the', 'blunt,')","['hit', 'the', 'blunt']","('hit', 'the', 'blunt')",1.0,0.07246093268814119,,,40.0,2.8984373075256475,,,21.0,1.5216795864509651,I,i,35.0,2.5361326440849417,hit,hit,2.0,0.14492186537628238,the,the,5.0,0.36230466344070594,"blunt,",blunt,1.0,0.07246093268814119
ATL_se0_ag2_m_03_1,2007,1,1,"oh, this nigga done played me, bruh.","['oh,', 'this', 'nigga']","('oh,', 'this', 'nigga')","['oh', 'this', 'nigga']","('oh', 'this', 'nigga')",1.0,0.07246093268814119,"['played', 'me,', 'bruh.']","('played', 'me,', 'bruh.')","['played', 'me', 'bruh']","('played', 'me', 'bruh')",1.0,0.07246093268814119,"oh,",oh,1.0,0.07246093268814119,this,this,2.0,0.14492186537628238,nigga,nigga,1.0,0.07246093268814119,played,played,1.0,0.07246093268814119,"me,",me,4.0,0.28984373075256475,bruh.,bruh,1.0,0.07246093268814119
ATL_se0_ag2_m_03_1,2141,1,1,"The street grind is strong, you feel me, but it all depend on how your street grind is. Now I seen niggas done blew","['I', 'seen', 'niggas']","('I', 'seen', 'niggas')","['i', 'seen', 'niggas']","('i', 'seen', 'niggas')",1.0,0.07246093268814119,"['blew', nan, nan]","('blew', nan, nan)",['blew'],"('blew',)",1.0,0.07246093268814119,I,i,7.0,0.5072265288169884,seen,seen,2.0,0.14492186537628238,niggas,niggas,1.0,0.07246093268814119,blew,blew,1.0,0.07246093268814119,,,8.0,0.5796874615051295,,,25.0,1.8115233172035299
ATL_se0_ag2_m_03_1,2142,1,1,"off of that street grind shit, you feel me. I done seen niggas like, you know what I mean,","['feel', 'me.', 'I']","('feel', 'me.', 'I')","['feel', 'me', 'i']","('feel', 'me', 'i')",1.0,0.07246093268814119,"['seen', 'niggas', 'like,']","('seen', 'niggas', 'like,')","['seen', 'niggas', 'like']","('seen', 'niggas', 'like')",1.0,0.07246093268814119,feel,feel,1.0,0.07246093268814119,me.,me,1.0,0.07246093268814119,I,i,35.0,2.5361326440849417,seen,seen,5.0,0.36230466344070594,niggas,niggas,1.0,0.07246093268814119,"like,",like,1.0,0.07246093268814119
ATL_se0_ag2_m_03_1,2190,5,1,"I done s- I done- I done s- I done seen- I done heard your shit on a couple of niggas' shit, and niggas really wasn't spitting shit.","['done', 'seen-', 'I']","('done', 'seen-', 'I')","['done', 'seen-', 'i']","('done', 'seen-', 'i')",1.0,0.07246093268814119,"['heard', 'your', 'shit']","('heard', 'your', 'shit')","['heard', 'your', 'shit']","('heard', 'your', 'shit')",1.0,0.07246093268814119,done,done,2.0,0.14492186537628238,seen-,seen,2.0,0.14492186537628238,I,i,35.0,2.5361326440849417,heard,heard,1.0,0.07246093268814119,your,your,2.0,0.14492186537628238,shit,shit,1.0,0.07246093268814119
DCA_se1_ag1_f_02_1,1274,1,1,cause I done holler at her back.,"[nan, 'cause', 'I']","(nan, 'cause', 'I')","['cause', 'i']","('cause', 'i')",2.0,0.14492186537628238,"['holler', 'at', 'her']","('holler', 'at', 'her')","['holler', 'at', 'her']","('holler', 'at', 'her')",1.0,0.07246093268814119,,,40.0,2.8984373075256475,cause,cause,2.0,0.14492186537628238,I,i,35.0,2.5361326440849417,holler,holler,2.0,0.14492186537628238,at,at,3.0,0.21738279806442357,her,her,1.0,0.07246093268814119
DCA_se1_ag1_f_02_1,1323,1,1,You done did all the work like you said. I did this. I did this. She won't let you read your library books or nothing.,"[nan, nan, 'You']","(nan, nan, 'You')",['you'],"('you',)",5.0,0.36230466344070594,"['did', 'all', 'the']","('did', 'all', 'the')","['did', 'all', 'the']","('did', 'all', 'the')",1.0,0.07246093268814119,,,40.0,2.8984373075256475,,,21.0,1.5216795864509651,You,you,18.0,1.3042967883865415,did,did,10.0,0.7246093268814119,all,all,4.0,0.28984373075256475,the,the,2.0,0.14492186537628238
DCA_se1_ag1_f_02_1,1445,1,1,She done make us-,"[nan, nan, 'She']","(nan, nan, 'She')",['she'],"('she',)",3.0,0.21738279806442357,"['make', 'us-', nan]","('make', 'us-', nan)","['make', 'us-']","('make', 'us-')",1.0,0.07246093268814119,,,40.0,2.8984373075256475,,,21.0,1.5216795864509651,She,she,7.0,0.5072265288169884,make,make,1.0,0.07246093268814119,us-,us,2.0,0.14492186537628238,,,25.0,1.8115233172035299
DCA_se1_ag1_m_03_1,983,2,2,"Cause they had done got the ruby, and they had done put it back.","['Cause', 'they', 'had']","('Cause', 'they', 'had')","['cause', 'they', 'had']","('cause', 'they', 'had')",1.0,0.07246093268814119,"['got', 'the', 'ruby,']","('got', 'the', 'ruby,')","['got', 'the', 'ruby']","('got', 'the', 'ruby')",1.0,0.07246093268814119,Cause,cause,2.0,0.14492186537628238,they,they,4.0,0.28984373075256475,had,had,6.0,0.43476559612884713,got,got,10.0,0.7246093268814119,the,the,5.0,0.36230466344070594,"ruby,",ruby,1.0,0.07246093268814119
DCA_se1_ag1_m_03_1,983,2,2,"Cause they had done got the ruby, and they had done put it back.","['and', 'they', 'had']","('and', 'they', 'had')","['and', 'they', 'had']","('and', 'they', 'had')",1.0,0.07246093268814119,"['put', 'it', 'back.']","('put', 'it', 'back.')","['put', 'it', 'back']","('put', 'it', 'back')",1.0,0.07246093268814119,and,and,3.0,0.21738279806442357,they,they,4.0,0.28984373075256475,had,had,6.0,0.43476559612884713,put,put,4.0,0.28984373075256475,it,it,7.0,0.5072265288169884,back.,back,1.0,0.07246093268814119
DCA_se1_ag1_m_03_1,1203,2,1,they done done in with Linc.,"[nan, 'they', 'done']","(nan, 'they', 'done')","['they', 'done']","('they', 'done')",1.0,0.07246093268814119,"['in', 'with', 'Linc.']","('in', 'with', 'Linc.')","['in', 'with', 'linc']","('in', 'with', 'linc')",1.0,0.07246093268814119,,,40.0,2.8984373075256475,they,they,4.0,0.28984373075256475,done,done,1.0,0.07246093268814119,in,in,1.0,0.07246093268814119,with,with,2.0,0.14492186537628238,Linc.,linc,1.0,0.07246093268814119
DCA_se1_ag4_m_01_1,14,1,1,"One other game we played, I done forgot the name of it now. Uh..","['we', 'played,', 'I']","('we', 'played,', 'I')","['we', 'played', 'i']","('we', 'played', 'i')",1.0,0.07246093268814119,"['forgot', 'the', 'name']","('forgot', 'the', 'name')","['forgot', 'the', 'name']","('forgot', 'the', 'name')",3.0,0.21738279806442357,we,we,2.0,0.14492186537628238,"played,",played,1.0,0.07246093268814119,I,i,35.0,2.5361326440849417,forgot,forgot,4.0,0.28984373075256475,the,the,5.0,0.36230466344070594,name,name,4.0,0.28984373075256475
DCA_se1_ag4_m_01_1,59,1,1,you done automatically won your points then.,"[nan, nan, 'you']","(nan, nan, 'you')",['you'],"('you',)",5.0,0.36230466344070594,"['automatically', 'won', 'your']","('automatically', 'won', 'your')","['automatically', 'won', 'your']","('automatically', 'won', 'your')",1.0,0.07246093268814119,,,40.0,2.8984373075256475,,,21.0,1.5216795864509651,you,you,18.0,1.3042967883865415,automatically,automatically,1.0,0.07246093268814119,won,won,1.0,0.07246093268814119,your,your,2.0,0.14492186537628238
DCA_se1_ag4_m_01_1,105,1,1,"this crime story, but I done forgot the name of it!","['story,', 'but', 'I']","('story,', 'but', 'I')","['story', 'but', 'i']","('story', 'but', 'i')",1.0,0.07246093268814119,"['forgot', 'the', 'name']","('forgot', 'the', 'name')","['forgot', 'the', 'name']","('forgot', 'the', 'name')",3.0,0.21738279806442357,"story,",story,1.0,0.07246093268814119,but,but,3.0,0.21738279806442357,I,i,35.0,2.5361326440849417,forgot,forgot,4.0,0.28984373075256475,the,the,5.0,0.36230466344070594,name,name,4.0,0.28984373075256475
DCA_se1_ag4_m_01_1,251,1,1,"I done forgot the name of it, uh-","[nan, nan, 'I']","(nan, nan, 'I')",['i'],"('i',)",7.0,0.5072265288169884,"['forgot', 'the', 'name']","('forgot', 'the', 'name')","['forgot', 'the', 'name']","('forgot', 'the', 'name')",3.0,0.21738279806442357,,,40.0,2.8984373075256475,,,21.0,1.5216795864509651,I,i,35.0,2.5361326440849417,forgot,forgot,4.0,0.28984373075256475,the,the,5.0,0.36230466344070594,name,name,4.0,0.28984373075256475
DCA_se2_ag3_m_01_1,2578,1,1,"you know, you don't have enough money to pay for it. You done order all this food up, you know, and you don't have enough money to pay for it.","['for', 'it.', 'You']","('for', 'it.', 'You')","['for', 'it', 'you']","('for', 'it', 'you')",1.0,0.07246093268814119,"['order', 'all', 'this']","('order', 'all', 'this')","['order', 'all', 'this']","('order', 'all', 'this')",1.0,0.07246093268814119,for,for,2.0,0.14492186537628238,it.,it,1.0,0.07246093268814119,You,you,18.0,1.3042967883865415,order,order,1.0,0.07246093268814119,all,all,4.0,0.28984373075256475,this,this,4.0,0.28984373075256475
DCA_se2_ag3_m_02_1,582,1,1,"whatever his name was, I done forgot his name.","['name', 'was,', 'I']","('name', 'was,', 'I')","['name', 'was', 'i']","('name', 'was', 'i')",1.0,0.07246093268814119,"['forgot', 'his', 'name.']","('forgot', 'his', 'name.')","['forgot', 'his', 'name']","('forgot', 'his', 'name')",1.0,0.07246093268814119,name,name,1.0,0.07246093268814119,"was,",was,1.0,0.07246093268814119,I,i,35.0,2.5361326440849417,forgot,forgot,4.0,0.28984373075256475,his,his,1.0,0.07246093268814119,name.,name,4.0,0.28984373075256475
DCA_se3_ag1_f_04_1,720,1,1,She done holler at me all the time.,"[nan, nan, 'She']","(nan, nan, 'She')",['she'],"('she',)",3.0,0.21738279806442357,"['holler', 'at', 'me']","('holler', 'at', 'me')","['holler', 'at', 'me']","('holler', 'at', 'me')",1.0,0.07246093268814119,,,40.0,2.8984373075256475,,,21.0,1.5216795864509651,She,she,7.0,0.5072265288169884,holler,holler,2.0,0.14492186537628238,at,at,3.0,0.21738279806442357,me,me,2.0,0.14492186537628238
DCB_se1_ag2_f_02_1,2158,1,1,"Like people done got killed at go gos,","[nan, 'Like', 'people']","(nan, 'Like', 'people')","['like', 'people']","('like', 'people')",1.0,0.07246093268814119,"['got', 'killed', 'at']","('got', 'killed', 'at')","['got', 'killed', 'at']","('got', 'killed', 'at')",1.0,0.07246093268814119,,,40.0,2.8984373075256475,Like,like,6.0,0.43476559612884713,people,people,2.0,0.14492186537628238,got,got,10.0,0.7246093268814119,killed,killed,1.0,0.07246093268814119,at,at,1.0,0.07246093268814119
DCB_se1_ag2_m_01_1,258,1,1,she done got honor roll since,"[nan, nan, 'she']","(nan, nan, 'she')",['she'],"('she',)",3.0,0.21738279806442357,"['got', 'honor', 'roll']","('got', 'honor', 'roll')","['got', 'honor', 'roll']","('got', 'honor', 'roll')",1.0,0.07246093268814119,,,40.0,2.8984373075256475,,,21.0,1.5216795864509651,she,she,7.0,0.5072265288169884,got,got,10.0,0.7246093268814119,honor,honor,1.0,0.07246093268814119,roll,roll,1.0,0.07246093268814119
DCB_se1_ag2_m_01_1,442,1,1,I don't- I done did a couple of romantic things.,"['I', ""don't-"", 'I']","('I', ""don't-"", 'I')","['i', ""don't-"", 'i']","('i', ""don't-"", 'i')",1.0,0.07246093268814119,"['did', 'a', 'couple']","('did', 'a', 'couple')","['did', 'a', 'couple']","('did', 'a', 'couple')",1.0,0.07246093268814119,I,i,7.0,0.5072265288169884,don't-,don't,1.0,0.07246093268814119,I,i,35.0,2.5361326440849417,did,did,10.0,0.7246093268814119,a,a,6.0,0.43476559612884713,couple,couple,1.0,0.07246093268814119
DCB_se1_ag2_m_01_1,448,1,1,See well I can't- she done did that.,"['I', ""can't-"", 'she']","('I', ""can't-"", 'she')","['i', ""can't-"", 'she']","('i', ""can't-"", 'she')",1.0,0.07246093268814119,"['did', 'that.', nan]","('did', 'that.', nan)","['did', 'that']","('did', 'that')",1.0,0.07246093268814119,I,i,7.0,0.5072265288169884,can't-,can't,1.0,0.07246093268814119,she,she,7.0,0.5072265288169884,did,did,10.0,0.7246093268814119,that.,that,3.0,0.21738279806442357,,,25.0,1.8115233172035299
DCB_se1_ag2_m_01_1,2741,1,1,"you understand that this shit this woman done did for me like she did so much shit for me like and I just grow to appreciate it, you know what I'm saying. Like at first,","['shit', 'this', 'woman']","('shit', 'this', 'woman')","['shit', 'this', 'woman']","('shit', 'this', 'woman')",1.0,0.07246093268814119,"['did', 'for', 'me']","('did', 'for', 'me')","['did', 'for', 'me']","('did', 'for', 'me')",1.0,0.07246093268814119,shit,shit,3.0,0.21738279806442357,this,this,2.0,0.14492186537628238,woman,woman,1.0,0.07246093268814119,did,did,10.0,0.7246093268814119,for,for,1.0,0.07246093268814119,me,me,2.0,0.14492186537628238
DCB_se1_ag2_m_01_1,3039,1,1,Every time I get around you I'm thinking about how you done hung my ancestors.,"['about', 'how', 'you']","('about', 'how', 'you')","['about', 'how', 'you']","('about', 'how', 'you')",1.0,0.07246093268814119,"['hung', 'my', 'ancestors.']","('hung', 'my', 'ancestors.')","['hung', 'my', 'ancestors']","('hung', 'my', 'ancestors')",1.0,0.07246093268814119,about,about,2.0,0.14492186537628238,how,how,1.0,0.07246093268814119,you,you,18.0,1.3042967883865415,hung,hung,1.0,0.07246093268814119,my,my,1.0,0.07246093268814119,ancestors.,ancestors,1.0,0.07246093268814119
DCB_se1_ag2_m_01_1,3126,1,1,"You done bust out with something exclusive, you got a brand new ass blue shirt on now.","[nan, nan, 'You']","(nan, nan, 'You')",['you'],"('you',)",5.0,0.36230466344070594,"['bust', 'out', 'with']","('bust', 'out', 'with')","['bust', 'out', 'with']","('bust', 'out', 'with')",1.0,0.07246093268814119,,,40.0,2.8984373075256475,,,21.0,1.5216795864509651,You,you,18.0,1.3042967883865415,bust,bust,1.0,0.07246093268814119,out,out,2.0,0.14492186537628238,with,with,1.0,0.07246093268814119
DCB_se1_ag2_m_02_1,180,1,1,"like I done seen it in myself,","[nan, 'like', 'I']","(nan, 'like', 'I')","['like', 'i']","('like', 'i')",1.0,0.07246093268814119,"['seen', 'it', 'in']","('seen', 'it', 'in')","['seen', 'it', 'in']","('seen', 'it', 'in')",1.0,0.07246093268814119,,,40.0,2.8984373075256475,like,like,6.0,0.43476559612884713,I,i,35.0,2.5361326440849417,seen,seen,5.0,0.36230466344070594,it,it,7.0,0.5072265288169884,in,in,1.0,0.07246093268814119
DCB_se1_ag2_m_02_2,367,1,1,confused they done had us,"[nan, 'confused', 'they']","(nan, 'confused', 'they')","['confused', 'they']","('confused', 'they')",1.0,0.07246093268814119,"['had', 'us', nan]","('had', 'us', nan)","['had', 'us']","('had', 'us')",1.0,0.07246093268814119,,,40.0,2.8984373075256475,confused,confused,1.0,0.07246093268814119,they,they,10.0,0.7246093268814119,had,had,7.0,0.5072265288169884,us,us,2.0,0.14492186537628238,,,25.0,1.8115233172035299
DCB_se1_ag3_m_02_1,232,1,1,"I would s- for me, for my age and what I done picked up off it,","['and', 'what', 'I']","('and', 'what', 'I')","['and', 'what', 'i']","('and', 'what', 'i')",1.0,0.07246093268814119,"['picked', 'up', 'off']","('picked', 'up', 'off')","['picked', 'up', 'off']","('picked', 'up', 'off')",1.0,0.07246093268814119,and,and,3.0,0.21738279806442357,what,what,1.0,0.07246093268814119,I,i,35.0,2.5361326440849417,picked,picked,1.0,0.07246093268814119,up,up,1.0,0.07246093268814119,off,off,1.0,0.07246093268814119
DCB_se1_ag3_m_02_1,386,1,1,"I done lived in DC probably about,","[nan, nan, 'I']","(nan, nan, 'I')",['i'],"('i',)",7.0,0.5072265288169884,"['lived', 'in', 'DC']","('lived', 'in', 'DC')","['lived', 'in', 'dc']","('lived', 'in', 'dc')",1.0,0.07246093268814119,,,40.0,2.8984373075256475,,,21.0,1.5216795864509651,I,i,35.0,2.5361326440849417,lived,lived,1.0,0.07246093268814119,in,in,3.0,0.21738279806442357,DC,dc,1.0,0.07246093268814119
DCB_se1_ag3_m_02_2,232,1,1,I done been to every,"[nan, nan, 'I']","(nan, nan, 'I')",['i'],"('i',)",7.0,0.5072265288169884,"['been', 'to', 'every']","('been', 'to', 'every')","['been', 'to', 'every']","('been', 'to', 'every')",1.0,0.07246093268814119,,,40.0,2.8984373075256475,,,21.0,1.5216795864509651,I,i,35.0,2.5361326440849417,been,been,7.0,0.5072265288169884,to,to,11.0,0.7970702595695531,every,every,1.0,0.07246093268814119
DCB_se1_ag3_m_02_2,234,1,1,game that I like I done been to one except DC United game.,"['I', 'like', 'I']","('I', 'like', 'I')","['i', 'like', 'i']","('i', 'like', 'i')",1.0,0.07246093268814119,"['been', 'to', 'one']","('been', 'to', 'one')","['been', 'to', 'one']","('been', 'to', 'one')",1.0,0.07246093268814119,I,i,7.0,0.5072265288169884,like,like,6.0,0.43476559612884713,I,i,35.0,2.5361326440849417,been,been,7.0,0.5072265288169884,to,to,11.0,0.7970702595695531,one,one,1.0,0.07246093268814119
DCB_se1_ag4_f_01_1,50,1,1,They done tore it down but the building is still there.,"[nan, nan, 'They']","(nan, nan, 'They')",['they'],"('they',)",2.0,0.14492186537628238,"['tore', 'it', 'down']","('tore', 'it', 'down')","['tore', 'it', 'down']","('tore', 'it', 'down')",1.0,0.07246093268814119,,,40.0,2.8984373075256475,,,21.0,1.5216795864509651,They,they,10.0,0.7246093268814119,tore,tore,1.0,0.07246093268814119,it,it,7.0,0.5072265288169884,down,down,1.0,0.07246093268814119
DCB_se1_ag4_f_01_2,1000,1,1,"So y- it's not like you can't tell me nothing but if I'm telling you something that I done been through,","['something', 'that', 'I']","('something', 'that', 'I')","['something', 'that', 'i']","('something', 'that', 'i')",1.0,0.07246093268814119,"['been', 'through,', nan]","('been', 'through,', nan)","['been', 'through']","('been', 'through')",1.0,0.07246093268814119,something,something,1.0,0.07246093268814119,that,that,2.0,0.14492186537628238,I,i,35.0,2.5361326440849417,been,been,7.0,0.5072265288169884,"through,",through,1.0,0.07246093268814119,,,25.0,1.8115233172035299
DCB_se1_ag4_f_01_2,1407,1,1,it done got worse.,"[nan, nan, 'it']","(nan, nan, 'it')",['it'],"('it',)",1.0,0.07246093268814119,"['got', 'worse.', nan]","('got', 'worse.', nan)","['got', 'worse']","('got', 'worse')",1.0,0.07246093268814119,,,40.0,2.8984373075256475,,,21.0,1.5216795864509651,it,it,5.0,0.36230466344070594,got,got,10.0,0.7246093268814119,worse.,worse,1.0,0.07246093268814119,,,25.0,1.8115233172035299
DCB_se1_ag4_f_01_2,1488,1,1,"Sometime I go- Yeah I done been to the capital I mean,","['go-', 'Yeah', 'I']","('go-', 'Yeah', 'I')","['go-', 'yeah', 'i']","('go-', 'yeah', 'i')",1.0,0.07246093268814119,"['been', 'to', 'the']","('been', 'to', 'the')","['been', 'to', 'the']","('been', 'to', 'the')",1.0,0.07246093268814119,go-,go,1.0,0.07246093268814119,Yeah,yeah,1.0,0.07246093268814119,I,i,35.0,2.5361326440849417,been,been,7.0,0.5072265288169884,to,to,11.0,0.7970702595695531,the,the,2.0,0.14492186537628238
DCB_se1_ag4_m_01_1,3072,1,1,"Next three years, twenty-five hundred dollars you know, they- they done haven't taken advantage of that you know, so.","['know,', 'they-', 'they']","('know,', 'they-', 'they')","['know', 'they-', 'they']","('know', 'they-', 'they')",1.0,0.07246093268814119,"[""haven't"", 'taken', 'advantage']","(""haven't"", 'taken', 'advantage')","[""haven't"", 'taken', 'advantage']","(""haven't"", 'taken', 'advantage')",1.0,0.07246093268814119,"know,",know,2.0,0.14492186537628238,they-,they,4.0,0.28984373075256475,they,they,10.0,0.7246093268814119,haven't,haven't,1.0,0.07246093268814119,taken,taken,1.0,0.07246093268814119,advantage,advantage,1.0,0.07246093268814119
DCB_se1_ag4_m_02_1,409,3,1,But they taking pistols. They done- they done- they done changed that whole crime.,"['they', 'done-', 'they']","('they', 'done-', 'they')","['they', 'done-', 'they']","('they', 'done-', 'they')",1.0,0.07246093268814119,"['changed', 'that', 'whole']","('changed', 'that', 'whole')","['changed', 'that', 'whole']","('changed', 'that', 'whole')",1.0,0.07246093268814119,they,they,1.0,0.07246093268814119,done-,done,2.0,0.14492186537628238,they,they,10.0,0.7246093268814119,changed,changed,5.0,0.36230466344070594,that,that,3.0,0.21738279806442357,whole,whole,1.0,0.07246093268814119
DCB_se1_ag4_m_02_1,1215,1,1,"and RD-SCHOOL-2- uh, tried to get on RD-SCHOOL-2 team, but they done told me I couldn't play for both.","['team,', 'but', 'they']","('team,', 'but', 'they')","['team', 'but', 'they']","('team', 'but', 'they')",1.0,0.07246093268814119,"['told', 'me', 'I']","('told', 'me', 'I')","['told', 'me', 'i']","('told', 'me', 'i')",1.0,0.07246093268814119,"team,",team,1.0,0.07246093268814119,but,but,3.0,0.21738279806442357,they,they,10.0,0.7246093268814119,told,told,2.0,0.14492186537628238,me,me,4.0,0.28984373075256475,I,i,4.0,0.28984373075256475
DCB_se1_ag4_m_02_1,1606,1,1,You done put in your work.,"[nan, nan, 'You']","(nan, nan, 'You')",['you'],"('you',)",5.0,0.36230466344070594,"['put', 'in', 'your']","('put', 'in', 'your')","['put', 'in', 'your']","('put', 'in', 'your')",1.0,0.07246093268814119,,,40.0,2.8984373075256475,,,21.0,1.5216795864509651,You,you,18.0,1.3042967883865415,put,put,4.0,0.28984373075256475,in,in,3.0,0.21738279806442357,your,your,2.0,0.14492186537628238
DCB_se1_ag4_m_02_1,1770,1,1,"I'm just- I'm determined- yeah I'm determined- I'm determined to make it. It- you know, I done made it- I made it this far, you know, that's what I'm saying.","['you', 'know,', 'I']","('you', 'know,', 'I')","['you', 'know', 'i']","('you', 'know', 'i')",2.0,0.14492186537628238,"['made', 'it-', 'I']","('made', 'it-', 'I')","['made', 'it-', 'i']","('made', 'it-', 'i')",1.0,0.07246093268814119,you,you,3.0,0.21738279806442357,"know,",know,2.0,0.14492186537628238,I,i,35.0,2.5361326440849417,made,made,3.0,0.21738279806442357,it-,it,7.0,0.5072265288169884,I,i,4.0,0.28984373075256475
DCB_se1_ag4_m_02_1,1773,1,1,I done made it to sixty seven.,"[nan, nan, 'I']","(nan, nan, 'I')",['i'],"('i',)",7.0,0.5072265288169884,"['made', 'it', 'to']","('made', 'it', 'to')","['made', 'it', 'to']","('made', 'it', 'to')",1.0,0.07246093268814119,,,40.0,2.8984373075256475,,,21.0,1.5216795864509651,I,i,35.0,2.5361326440849417,made,made,3.0,0.21738279806442357,it,it,7.0,0.5072265288169884,to,to,3.0,0.21738279806442357
DCB_se1_ag4_m_02_1,1847,1,1,"Shit, so I done said- , I walked- no matter where to we have.","['Shit,', 'so', 'I']","('Shit,', 'so', 'I')","['shit', 'so', 'i']","('shit', 'so', 'i')",1.0,0.07246093268814119,"['said-', ',', 'I']","('said-', ',', 'I')","['said-', '', 'i']","('said-', '', 'i')",1.0,0.07246093268814119,"Shit,",shit,3.0,0.21738279806442357,so,so,2.0,0.14492186537628238,I,i,35.0,2.5361326440849417,said-,said,1.0,0.07246093268814119,",",,1.0,0.07246093268814119,I,i,4.0,0.28984373075256475
DCB_se2_ag4_f_01_1,1178,1,1,"Well, so I done survived, and I got 'em through s-","['Well,', 'so', 'I']","('Well,', 'so', 'I')","['well', 'so', 'i']","('well', 'so', 'i')",1.0,0.07246093268814119,"['survived,', 'and', 'I']","('survived,', 'and', 'I')","['survived', 'and', 'i']","('survived', 'and', 'i')",1.0,0.07246093268814119,"Well,",well,1.0,0.07246093268814119,so,so,2.0,0.14492186537628238,I,i,35.0,2.5361326440849417,"survived,",survived,1.0,0.07246093268814119,and,and,2.0,0.14492186537628238,I,i,4.0,0.28984373075256475
DCB_se2_ag4_f_01_1,3026,1,1,that you done moved everybody out.,"[nan, 'that', 'you']","(nan, 'that', 'you')","['that', 'you']","('that', 'you')",1.0,0.07246093268814119,"['moved', 'everybody', 'out.']","('moved', 'everybody', 'out.')","['moved', 'everybody', 'out']","('moved', 'everybody', 'out')",1.0,0.07246093268814119,,,40.0,2.8984373075256475,that,that,2.0,0.14492186537628238,you,you,18.0,1.3042967883865415,moved,moved,1.0,0.07246093268814119,everybody,everybody,1.0,0.07246093268814119,out.,out,1.0,0.07246093268814119
DCB_se2_ag4_f_01_1,3028,1,1,"And you done put bikes on every corner and all of that, and","[nan, 'And', 'you']","(nan, 'And', 'you')","['and', 'you']","('and', 'you')",2.0,0.14492186537628238,"['put', 'bikes', 'on']","('put', 'bikes', 'on')","['put', 'bikes', 'on']","('put', 'bikes', 'on')",1.0,0.07246093268814119,,,40.0,2.8984373075256475,And,and,4.0,0.28984373075256475,you,you,18.0,1.3042967883865415,put,put,4.0,0.28984373075256475,bikes,bikes,1.0,0.07246093268814119,on,on,1.0,0.07246093268814119
DCB_se2_ag4_f_01_1,3029,1,1,you done put these- ap- overgrown these streets with apartment buildings and condos and,"[nan, nan, 'you']","(nan, nan, 'you')",['you'],"('you',)",5.0,0.36230466344070594,"['put', 'these-', 'ap-']","('put', 'these-', 'ap-')","['put', 'these-', 'ap-']","('put', 'these-', 'ap-')",1.0,0.07246093268814119,,,40.0,2.8984373075256475,,,21.0,1.5216795864509651,you,you,18.0,1.3042967883865415,put,put,4.0,0.28984373075256475,these-,these,1.0,0.07246093268814119,ap-,ap,1.0,0.07246093268814119
DCB_se2_ag4_f_05_1,334,1,1,that we saw earlier looking prim and proper. Now she done change into something else.,"['proper.', 'Now', 'she']","('proper.', 'Now', 'she')","['proper', 'now', 'she']","('proper', 'now', 'she')",1.0,0.07246093268814119,"['change', 'into', 'something']","('change', 'into', 'something')","['change', 'into', 'something']","('change', 'into', 'something')",1.0,0.07246093268814119,proper.,proper,1.0,0.07246093268814119,Now,now,3.0,0.21738279806442357,she,she,7.0,0.5072265288169884,change,change,1.0,0.07246093268814119,into,into,1.0,0.07246093268814119,something,something,1.0,0.07246093268814119
DCB_se2_ag4_m_01_1,2339,2,2,Cause I done killed- I done killed five of my years being in Lorton.,"[nan, 'Cause', 'I']","(nan, 'Cause', 'I')","['cause', 'i']","('cause', 'i')",2.0,0.14492186537628238,"['killed-', 'I', 'done']","('killed-', 'I', 'done')","['killed-', 'i', 'done']","('killed-', 'i', 'done')",1.0,0.07246093268814119,,,40.0,2.8984373075256475,Cause,cause,2.0,0.14492186537628238,I,i,35.0,2.5361326440849417,killed-,killed,2.0,0.14492186537628238,I,i,1.0,0.07246093268814119,done,done,1.0,0.07246093268814119
DCB_se2_ag4_m_01_1,2339,2,2,Cause I done killed- I done killed five of my years being in Lorton.,"['done', 'killed-', 'I']","('done', 'killed-', 'I')","['done', 'killed-', 'i']","('done', 'killed-', 'i')",1.0,0.07246093268814119,"['killed', 'five', 'of']","('killed', 'five', 'of')","['killed', 'five', 'of']","('killed', 'five', 'of')",1.0,0.07246093268814119,done,done,2.0,0.14492186537628238,killed-,killed,1.0,0.07246093268814119,I,i,35.0,2.5361326440849417,killed,killed,2.0,0.14492186537628238,five,five,1.0,0.07246093268814119,of,of,1.0,0.07246093268814119
DCB_se2_ag4_m_01_1,3062,1,1,that these kids done have?,"['that', 'these', 'kids']","('that', 'these', 'kids')","['that', 'these', 'kids']","('that', 'these', 'kids')",1.0,0.07246093268814119,"['have?', nan, nan]","('have?', nan, nan)",['have'],"('have',)",1.0,0.07246093268814119,that,that,1.0,0.07246093268814119,these,these,1.0,0.07246093268814119,kids,kids,1.0,0.07246093268814119,have?,have,2.0,0.14492186537628238,,,8.0,0.5796874615051295,,,25.0,1.8115233172035299
DCB_se2_ag4_m_01_1,3122,1,1,It's a lot done changed. It- it- it's a lot.,"[""It's"", 'a', 'lot']","(""It's"", 'a', 'lot')","[""it's"", 'a', 'lot']","(""it's"", 'a', 'lot')",1.0,0.07246093268814119,"['changed.', 'It-', 'it-']","('changed.', 'It-', 'it-')","['changed', 'it-', 'it-']","('changed', 'it-', 'it-')",1.0,0.07246093268814119,It's,it's,1.0,0.07246093268814119,a,a,1.0,0.07246093268814119,lot,lot,1.0,0.07246093268814119,changed.,changed,5.0,0.36230466344070594,It-,it,7.0,0.5072265288169884,it-,it,1.0,0.07246093268814119
DCB_se3_ag1_f_01_1,1011,1,1,"every time you go to school you got all the flags of, all the schools every teacher who done went to,","['every', 'teacher', 'who']","('every', 'teacher', 'who')","['every', 'teacher', 'who']","('every', 'teacher', 'who')",1.0,0.07246093268814119,"['went', 'to,', nan]","('went', 'to,', nan)","['went', 'to']","('went', 'to')",2.0,0.14492186537628238,every,every,1.0,0.07246093268814119,teacher,teacher,1.0,0.07246093268814119,who,who,1.0,0.07246093268814119,went,went,7.0,0.5072265288169884,"to,",to,11.0,0.7970702595695531,,,25.0,1.8115233172035299
DCB_se3_ag1_f_01_1,1059,1,1,"I don't like feeling like I've done did something wrong, so.","['feeling', 'like', ""I've""]","('feeling', 'like', ""I've"")","['feeling', 'like', ""i've""]","('feeling', 'like', ""i've"")",1.0,0.07246093268814119,"['did', 'something', 'wrong,']","('did', 'something', 'wrong,')","['did', 'something', 'wrong']","('did', 'something', 'wrong')",1.0,0.07246093268814119,feeling,feeling,1.0,0.07246093268814119,like,like,6.0,0.43476559612884713,I've,i've,1.0,0.07246093268814119,did,did,10.0,0.7246093268814119,something,something,1.0,0.07246093268814119,"wrong,",wrong,1.0,0.07246093268814119
DCB_se3_ag3_f_02_1,880,2,1,"And I'm done, you know, I- I done gave you good grades.","['know,', 'I-', 'I']","('know,', 'I-', 'I')","['know', 'i-', 'i']","('know', 'i-', 'i')",1.0,0.07246093268814119,"['gave', 'you', 'good']","('gave', 'you', 'good')","['gave', 'you', 'good']","('gave', 'you', 'good')",1.0,0.07246093268814119,"know,",know,2.0,0.14492186537628238,I-,i,4.0,0.28984373075256475,I,i,35.0,2.5361326440849417,gave,gave,2.0,0.14492186537628238,you,you,1.0,0.07246093268814119,good,good,1.0,0.07246093268814119
DCB_se3_ag3_f_02_1,1704,1,1,and I done have fun doing that.,"[nan, 'and', 'I']","(nan, 'and', 'I')","['and', 'i']","('and', 'i')",1.0,0.07246093268814119,"['have', 'fun', 'doing']","('have', 'fun', 'doing')","['have', 'fun', 'doing']","('have', 'fun', 'doing')",1.0,0.07246093268814119,,,40.0,2.8984373075256475,and,and,4.0,0.28984373075256475,I,i,35.0,2.5361326440849417,have,have,2.0,0.14492186537628238,fun,fun,1.0,0.07246093268814119,doing,doing,1.0,0.07246093268814119
DCB_se3_ag3_m_02_2,189,1,1,"you crazy, you done lost your mind.","['you', 'crazy,', 'you']","('you', 'crazy,', 'you')","['you', 'crazy', 'you']","('you', 'crazy', 'you')",1.0,0.07246093268814119,"['lost', 'your', 'mind.']","('lost', 'your', 'mind.')","['lost', 'your', 'mind']","('lost', 'your', 'mind')",1.0,0.07246093268814119,you,you,3.0,0.21738279806442357,"crazy,",crazy,1.0,0.07246093268814119,you,you,18.0,1.3042967883865415,lost,lost,1.0,0.07246093268814119,your,your,2.0,0.14492186537628238,mind.,mind,1.0,0.07246093268814119
LES_se0_ag3_m_01_1,995,1,1,"uh, I done did it all.","[nan, 'uh,', 'I']","(nan, 'uh,', 'I')","['uh', 'i']","('uh', 'i')",1.0,0.07246093268814119,"['did', 'it', 'all.']","('did', 'it', 'all.')","['did', 'it', 'all']","('did', 'it', 'all')",1.0,0.07246093268814119,,,40.0,2.8984373075256475,"uh,",uh,2.0,0.14492186537628238,I,i,35.0,2.5361326440849417,did,did,10.0,0.7246093268814119,it,it,7.0,0.5072265288169884,all.,all,1.0,0.07246093268814119
LES_se0_ag3_m_01_1,1418,1,1,"Nah, he's um, he done went to","[""he's"", 'um,', 'he']","(""he's"", 'um,', 'he')","[""he's"", 'um', 'he']","(""he's"", 'um', 'he')",1.0,0.07246093268814119,"['went', 'to', nan]","('went', 'to', nan)","['went', 'to']","('went', 'to')",2.0,0.14492186537628238,he's,he's,1.0,0.07246093268814119,"um,",um,2.0,0.14492186537628238,he,he,2.0,0.14492186537628238,went,went,7.0,0.5072265288169884,to,to,11.0,0.7970702595695531,,,25.0,1.8115233172035299
PRV_se0_ag2_f_02_1,1671,1,1,I'm talking about older now. I done got older now.,"['older', 'now.', 'I']","('older', 'now.', 'I')","['older', 'now', 'i']","('older', 'now', 'i')",1.0,0.07246093268814119,"['got', 'older', 'now.']","('got', 'older', 'now.')","['got', 'older', 'now']","('got', 'older', 'now')",1.0,0.07246093268814119,older,older,1.0,0.07246093268814119,now.,now,3.0,0.21738279806442357,I,i,35.0,2.5361326440849417,got,got,10.0,0.7246093268814119,older,older,1.0,0.07246093268814119,now.,now,2.0,0.14492186537628238
PRV_se0_ag2_f_03_1,299,1,1,And my daughter she love it done met,"['she', 'love', 'it']","('she', 'love', 'it')","['she', 'love', 'it']","('she', 'love', 'it')",1.0,0.07246093268814119,"['met', nan, nan]","('met', nan, nan)",['met'],"('met',)",1.0,0.07246093268814119,she,she,1.0,0.07246093268814119,love,love,1.0,0.07246093268814119,it,it,5.0,0.36230466344070594,met,met,1.0,0.07246093268814119,,,8.0,0.5796874615051295,,,25.0,1.8115233172035299
PRV_se0_ag2_m_01_1,1874,1,1,Done worked there.,"[nan, nan, nan]","(nan, nan, nan)",[],(),1.0,0.07246093268814119,"['worked', 'there.', nan]","('worked', 'there.', nan)","['worked', 'there']","('worked', 'there')",1.0,0.07246093268814119,,,40.0,2.8984373075256475,,,21.0,1.5216795864509651,,,1.0,0.07246093268814119,worked,worked,3.0,0.21738279806442357,there.,there,2.0,0.14492186537628238,,,25.0,1.8115233172035299
PRV_se0_ag2_m_01_1,1882,1,1,"Oh, it done changed so many time to what it is now.","[nan, 'Oh,', 'it']","(nan, 'Oh,', 'it')","['oh', 'it']","('oh', 'it')",1.0,0.07246093268814119,"['changed', 'so', 'many']","('changed', 'so', 'many')","['changed', 'so', 'many']","('changed', 'so', 'many')",1.0,0.07246093268814119,,,40.0,2.8984373075256475,"Oh,",oh,1.0,0.07246093268814119,it,it,5.0,0.36230466344070594,changed,changed,5.0,0.36230466344070594,so,so,1.0,0.07246093268814119,many,many,1.0,0.07246093268814119
PRV_se0_ag2_m_01_1,1932,1,1,all of 'em done worked at Enterprise,"['all', 'of', ""'em""]","('all', 'of', ""'em"")","['all', 'of', ""'em""]","('all', 'of', ""'em"")",1.0,0.07246093268814119,"['worked', 'at', 'Enterprise']","('worked', 'at', 'Enterprise')","['worked', 'at', 'enterprise']","('worked', 'at', 'enterprise')",1.0,0.07246093268814119,all,all,2.0,0.14492186537628238,of,of,1.0,0.07246093268814119,'em,'em,1.0,0.07246093268814119,worked,worked,3.0,0.21738279806442357,at,at,3.0,0.21738279806442357,Enterprise,enterprise,1.0,0.07246093268814119
PRV_se0_ag2_m_01_1,1936,1,1,Pretty much everybody done worked there that stays in Princeville.,"['Pretty', 'much', 'everybody']","('Pretty', 'much', 'everybody')","['pretty', 'much', 'everybody']","('pretty', 'much', 'everybody')",1.0,0.07246093268814119,"['worked', 'there', 'that']","('worked', 'there', 'that')","['worked', 'there', 'that']","('worked', 'there', 'that')",1.0,0.07246093268814119,Pretty,pretty,1.0,0.07246093268814119,much,much,1.0,0.07246093268814119,everybody,everybody,2.0,0.14492186537628238,worked,worked,3.0,0.21738279806442357,there,there,2.0,0.14492186537628238,that,that,1.0,0.07246093268814119
PRV_se0_ag2_m_01_1,2378,1,1,Ever done seen,"[nan, nan, 'Ever']","(nan, nan, 'Ever')",['ever'],"('ever',)",1.0,0.07246093268814119,"['seen', nan, nan]","('seen', nan, nan)",['seen'],"('seen',)",1.0,0.07246093268814119,,,40.0,2.8984373075256475,,,21.0,1.5216795864509651,Ever,ever,1.0,0.07246093268814119,seen,seen,5.0,0.36230466344070594,,,8.0,0.5796874615051295,,,25.0,1.8115233172035299
PRV_se0_ag2_m_01_1,3032,1,1,I got- done got a spanking,"[nan, 'I', 'got-']","(nan, 'I', 'got-')","['i', 'got-']","('i', 'got-')",1.0,0.07246093268814119,"['got', 'a', 'spanking']","('got', 'a', 'spanking')","['got', 'a', 'spanking']","('got', 'a', 'spanking')",1.0,0.07246093268814119,,,40.0,2.8984373075256475,I,i,4.0,0.28984373075256475,got-,got,1.0,0.07246093268814119,got,got,10.0,0.7246093268814119,a,a,6.0,0.43476559612884713,spanking,spanking,1.0,0.07246093268814119
PRV_se0_ag2_m_01_1,3034,1,1,for something you done did.,"['for', 'something', 'you']","('for', 'something', 'you')","['for', 'something', 'you']","('for', 'something', 'you')",1.0,0.07246093268814119,"['did.', nan, nan]","('did.', nan, nan)",['did'],"('did',)",1.0,0.07246093268814119,for,for,2.0,0.14492186537628238,something,something,1.0,0.07246093268814119,you,you,18.0,1.3042967883865415,did.,did,10.0,0.7246093268814119,,,8.0,0.5796874615051295,,,25.0,1.8115233172035299
PRV_se0_ag2_m_02_1,552,1,1,some of the school- We did have one incident when I was in that- at high school where we done felt that black students was being,"['school', 'where', 'we']","('school', 'where', 'we')","['school', 'where', 'we']","('school', 'where', 'we')",1.0,0.07246093268814119,"['felt', 'that', 'black']","('felt', 'that', 'black')","['felt', 'that', 'black']","('felt', 'that', 'black')",1.0,0.07246093268814119,school,school,1.0,0.07246093268814119,where,where,1.0,0.07246093268814119,we,we,4.0,0.28984373075256475,felt,felt,1.0,0.07246093268814119,that,that,3.0,0.21738279806442357,black,black,1.0,0.07246093268814119
PRV_se0_ag2_m_02_1,2393,1,1,And you done had a-,"[nan, 'And', 'you']","(nan, 'And', 'you')","['and', 'you']","('and', 'you')",2.0,0.14492186537628238,"['had', 'a-', nan]","('had', 'a-', nan)","['had', 'a-']","('had', 'a-')",1.0,0.07246093268814119,,,40.0,2.8984373075256475,And,and,4.0,0.28984373075256475,you,you,18.0,1.3042967883865415,had,had,7.0,0.5072265288169884,a-,a,6.0,0.43476559612884713,,,25.0,1.8115233172035299
PRV_se0_ag2_m_02_2,839,1,1,location  away from home. ECU. We done got some now at ECU.,"['home.', 'ECU.', 'We']","('home.', 'ECU.', 'We')","['home', 'ecu', 'we']","('home', 'ecu', 'we')",1.0,0.07246093268814119,"['got', 'some', 'now']","('got', 'some', 'now')","['got', 'some', 'now']","('got', 'some', 'now')",1.0,0.07246093268814119,home.,home,1.0,0.07246093268814119,ECU.,ecu,1.0,0.07246093268814119,We,we,4.0,0.28984373075256475,got,got,10.0,0.7246093268814119,some,some,1.0,0.07246093268814119,now,now,2.0,0.14492186537628238
PRV_se0_ag3_f_03_1,272,1,1,Everybody had done gone,"[nan, 'Everybody', 'had']","(nan, 'Everybody', 'had')","['everybody', 'had']","('everybody', 'had')",1.0,0.07246093268814119,"['gone', nan, nan]","('gone', nan, nan)",['gone'],"('gone',)",1.0,0.07246093268814119,,,40.0,2.8984373075256475,Everybody,everybody,1.0,0.07246093268814119,had,had,6.0,0.43476559612884713,gone,gone,2.0,0.14492186537628238,,,8.0,0.5796874615051295,,,25.0,1.8115233172035299
PRV_se0_ag3_f_03_1,476,1,1,"told- and my husband went to the door. And he said, everybody done gone away from back here.","['he', 'said,', 'everybody']","('he', 'said,', 'everybody')","['he', 'said', 'everybody']","('he', 'said', 'everybody')",1.0,0.07246093268814119,"['gone', 'away', 'from']","('gone', 'away', 'from')","['gone', 'away', 'from']","('gone', 'away', 'from')",1.0,0.07246093268814119,he,he,1.0,0.07246093268814119,"said,",said,1.0,0.07246093268814119,everybody,everybody,2.0,0.14492186537628238,gone,gone,2.0,0.14492186537628238,away,away,1.0,0.07246093268814119,from,from,2.0,0.14492186537628238
PRV_se0_ag3_f_03_1,498,1,1,"And his family already had done left him, so he stayed back for the-","['family', 'already', 'had']","('family', 'already', 'had')","['family', 'already', 'had']","('family', 'already', 'had')",1.0,0.07246093268814119,"['left', 'him,', 'so']","('left', 'him,', 'so')","['left', 'him', 'so']","('left', 'him', 'so')",1.0,0.07246093268814119,family,family,1.0,0.07246093268814119,already,already,1.0,0.07246093268814119,had,had,6.0,0.43476559612884713,left,left,1.0,0.07246093268814119,"him,",him,1.0,0.07246093268814119,so,so,2.0,0.14492186537628238
PRV_se0_ag3_f_04_1,1670,1,1,Well at that time it was Carolina Enterprise but it done changed names.,"['Enterprise', 'but', 'it']","('Enterprise', 'but', 'it')","['enterprise', 'but', 'it']","('enterprise', 'but', 'it')",1.0,0.07246093268814119,"['changed', 'names.', nan]","('changed', 'names.', nan)","['changed', 'names']","('changed', 'names')",1.0,0.07246093268814119,Enterprise,enterprise,1.0,0.07246093268814119,but,but,3.0,0.21738279806442357,it,it,5.0,0.36230466344070594,changed,changed,5.0,0.36230466344070594,names.,names,1.0,0.07246093268814119,,,25.0,1.8115233172035299
PRV_se0_ag3_f_04_3,1046,1,1,"And she done told me,","[nan, 'And', 'she']","(nan, 'And', 'she')","['and', 'she']","('and', 'she')",1.0,0.07246093268814119,"['told', 'me,', nan]","('told', 'me,', nan)","['told', 'me']","('told', 'me')",1.0,0.07246093268814119,,,40.0,2.8984373075256475,And,and,4.0,0.28984373075256475,she,she,7.0,0.5072265288169884,told,told,2.0,0.14492186537628238,"me,",me,4.0,0.28984373075256475,,,25.0,1.8115233172035299
PRV_se0_ag3_m_02_1,569,1,1,And anybody have seen much as I've seen feels like it done changed too much.,"['feels', 'like', 'it']","('feels', 'like', 'it')","['feels', 'like', 'it']","('feels', 'like', 'it')",1.0,0.07246093268814119,"['changed', 'too', 'much.']","('changed', 'too', 'much.')","['changed', 'too', 'much']","('changed', 'too', 'much')",1.0,0.07246093268814119,feels,feels,1.0,0.07246093268814119,like,like,6.0,0.43476559612884713,it,it,5.0,0.36230466344070594,changed,changed,5.0,0.36230466344070594,too,too,1.0,0.07246093268814119,much.,much,1.0,0.07246093268814119
PRV_se0_ag3_m_02_1,669,1,1,I'm figuring on getting some more- I done talked to a guy about some more weight.,"['some', 'more-', 'I']","('some', 'more-', 'I')","['some', 'more-', 'i']","('some', 'more-', 'i')",1.0,0.07246093268814119,"['talked', 'to', 'a']","('talked', 'to', 'a')","['talked', 'to', 'a']","('talked', 'to', 'a')",1.0,0.07246093268814119,some,some,2.0,0.14492186537628238,more-,more,1.0,0.07246093268814119,I,i,35.0,2.5361326440849417,talked,talked,1.0,0.07246093268814119,to,to,11.0,0.7970702595695531,a,a,3.0,0.21738279806442357
PRV_se0_ag3_m_02_2,618,1,1,But then I think they done cremate her.,"['I', 'think', 'they']","('I', 'think', 'they')","['i', 'think', 'they']","('i', 'think', 'they')",1.0,0.07246093268814119,"['cremate', 'her.', nan]","('cremate', 'her.', nan)","['cremate', 'her']","('cremate', 'her')",1.0,0.07246093268814119,I,i,7.0,0.5072265288169884,think,think,1.0,0.07246093268814119,they,they,10.0,0.7246093268814119,cremate,cremate,1.0,0.07246093268814119,her.,her,1.0,0.07246093268814119,,,25.0,1.8115233172035299
PRV_se0_ag3_m_03_1,1619,1,1,president and all them crowd done took all this money away from 'em.,"['all', 'them', 'crowd']","('all', 'them', 'crowd')","['all', 'them', 'crowd']","('all', 'them', 'crowd')",1.0,0.07246093268814119,"['took', 'all', 'this']","('took', 'all', 'this')","['took', 'all', 'this']","('took', 'all', 'this')",1.0,0.07246093268814119,all,all,2.0,0.14492186537628238,them,them,1.0,0.07246093268814119,crowd,crowd,1.0,0.07246093268814119,took,took,3.0,0.21738279806442357,all,all,4.0,0.28984373075256475,this,this,4.0,0.28984373075256475
PRV_se0_ag3_m_03_1,1626,1,1,They done took they building money from you?,"[nan, nan, 'They']","(nan, nan, 'They')",['they'],"('they',)",2.0,0.14492186537628238,"['took', 'they', 'building']","('took', 'they', 'building')","['took', 'they', 'building']","('took', 'they', 'building')",1.0,0.07246093268814119,,,40.0,2.8984373075256475,,,21.0,1.5216795864509651,They,they,10.0,0.7246093268814119,took,took,3.0,0.21738279806442357,they,they,1.0,0.07246093268814119,building,building,1.0,0.07246093268814119
ROC_se0_ag1_m_01_1,555,2,2,"um, I done seen like people done graduated and seen people","[nan, 'um,', 'I']","(nan, 'um,', 'I')","['um', 'i']","('um', 'i')",1.0,0.07246093268814119,"['seen', 'like', 'people']","('seen', 'like', 'people')","['seen', 'like', 'people']","('seen', 'like', 'people')",1.0,0.07246093268814119,,,40.0,2.8984373075256475,"um,",um,2.0,0.14492186537628238,I,i,35.0,2.5361326440849417,seen,seen,5.0,0.36230466344070594,like,like,2.0,0.14492186537628238,people,people,1.0,0.07246093268814119
ROC_se0_ag1_m_01_1,555,2,2,"um, I done seen like people done graduated and seen people","['seen', 'like', 'people']","('seen', 'like', 'people')","['seen', 'like', 'people']","('seen', 'like', 'people')",1.0,0.07246093268814119,"['graduated', 'and', 'seen']","('graduated', 'and', 'seen')","['graduated', 'and', 'seen']","('graduated', 'and', 'seen')",1.0,0.07246093268814119,seen,seen,1.0,0.07246093268814119,like,like,6.0,0.43476559612884713,people,people,2.0,0.14492186537628238,graduated,graduated,1.0,0.07246093268814119,and,and,2.0,0.14492186537628238,seen,seen,1.0,0.07246093268814119
ROC_se0_ag1_m_01_1,713,1,1,I done been everywhere.,"[nan, nan, 'I']","(nan, nan, 'I')",['i'],"('i',)",7.0,0.5072265288169884,"['been', 'everywhere.', nan]","('been', 'everywhere.', nan)","['been', 'everywhere']","('been', 'everywhere')",1.0,0.07246093268814119,,,40.0,2.8984373075256475,,,21.0,1.5216795864509651,I,i,35.0,2.5361326440849417,been,been,7.0,0.5072265288169884,everywhere.,everywhere,1.0,0.07246093268814119,,,25.0,1.8115233172035299
ROC_se0_ag1_m_01_1,2835,1,1,man done got popped literally by,"[nan, nan, 'man']","(nan, nan, 'man')",['man'],"('man',)",1.0,0.07246093268814119,"['got', 'popped', 'literally']","('got', 'popped', 'literally')","['got', 'popped', 'literally']","('got', 'popped', 'literally')",1.0,0.07246093268814119,,,40.0,2.8984373075256475,,,21.0,1.5216795864509651,man,man,1.0,0.07246093268814119,got,got,10.0,0.7246093268814119,popped,popped,1.0,0.07246093268814119,literally,literally,1.0,0.07246093268814119
ROC_se0_ag1_m_02_1,756,1,1,"and we all done had like, to introduce ourself. I was the only black kid in there,","['and', 'we', 'all']","('and', 'we', 'all')","['and', 'we', 'all']","('and', 'we', 'all')",1.0,0.07246093268814119,"['had', 'like,', 'to']","('had', 'like,', 'to')","['had', 'like', 'to']","('had', 'like', 'to')",1.0,0.07246093268814119,and,and,3.0,0.21738279806442357,we,we,1.0,0.07246093268814119,all,all,1.0,0.07246093268814119,had,had,7.0,0.5072265288169884,"like,",like,2.0,0.14492186537628238,to,to,3.0,0.21738279806442357
ROC_se0_ag2_f_02_1,681,1,1,oh I guess she done slept with everybody ,"['I', 'guess', 'she']","('I', 'guess', 'she')","['i', 'guess', 'she']","('i', 'guess', 'she')",1.0,0.07246093268814119,"['slept', 'with', 'everybody']","('slept', 'with', 'everybody')","['slept', 'with', 'everybody']","('slept', 'with', 'everybody')",1.0,0.07246093268814119,I,i,7.0,0.5072265288169884,guess,guess,1.0,0.07246093268814119,she,she,7.0,0.5072265288169884,slept,slept,1.0,0.07246093268814119,with,with,2.0,0.14492186537628238,everybody,everybody,1.0,0.07246093268814119
ROC_se0_ag3_f_01_1,1096,1,1,"I don't think it's more so the violence. I just think, okay, I done went to school for all these years.","['think,', 'okay,', 'I']","('think,', 'okay,', 'I')","['think', 'okay', 'i']","('think', 'okay', 'i')",1.0,0.07246093268814119,"['went', 'to', 'school']","('went', 'to', 'school')","['went', 'to', 'school']","('went', 'to', 'school')",1.0,0.07246093268814119,"think,",think,1.0,0.07246093268814119,"okay,",okay,1.0,0.07246093268814119,I,i,35.0,2.5361326440849417,went,went,7.0,0.5072265288169884,to,to,11.0,0.7970702595695531,school,school,1.0,0.07246093268814119
ROC_se0_ag3_f_02_1,777,1,1,"And I wore corduroys, you know, I done had","['you', 'know,', 'I']","('you', 'know,', 'I')","['you', 'know', 'i']","('you', 'know', 'i')",2.0,0.14492186537628238,"['had', nan, nan]","('had', nan, nan)",['had'],"('had',)",1.0,0.07246093268814119,you,you,3.0,0.21738279806442357,"know,",know,2.0,0.14492186537628238,I,i,35.0,2.5361326440849417,had,had,7.0,0.5072265288169884,,,8.0,0.5796874615051295,,,25.0,1.8115233172035299
VLD_se0_ag3_f_01_1,608,1,1,"No, RD-SCHOOL-3 was always elem- they done went to fifth and sixth grade.","['always', 'elem-', 'they']","('always', 'elem-', 'they')","['always', 'elem-', 'they']","('always', 'elem-', 'they')",1.0,0.07246093268814119,"['went', 'to', 'fifth']","('went', 'to', 'fifth')","['went', 'to', 'fifth']","('went', 'to', 'fifth')",1.0,0.07246093268814119,always,always,1.0,0.07246093268814119,elem-,elem,1.0,0.07246093268814119,they,they,10.0,0.7246093268814119,went,went,7.0,0.5072265288169884,to,to,11.0,0.7970702595695531,fifth,fifth,1.0,0.07246093268814119
VLD_se0_ag3_m_01_2,1202,1,1,You know what I'm saying. Boy he done gave me a pistol he gave Calvin a pistol.,"['saying.', 'Boy', 'he']","('saying.', 'Boy', 'he')","['saying', 'boy', 'he']","('saying', 'boy', 'he')",1.0,0.07246093268814119,"['gave', 'me', 'a']","('gave', 'me', 'a')","['gave', 'me', 'a']","('gave', 'me', 'a')",1.0,0.07246093268814119,saying.,saying,1.0,0.07246093268814119,Boy,boy,1.0,0.07246093268814119,he,he,2.0,0.14492186537628238,gave,gave,2.0,0.14492186537628238,me,me,4.0,0.28984373075256475,a,a,3.0,0.21738279806442357
VLD_se0_ag3_m_01_2,1363,1,1,boy I'm talking about I had done went down through it boy I'm talking about ooh wee.,"['about', 'I', 'had']","('about', 'I', 'had')","['about', 'i', 'had']","('about', 'i', 'had')",1.0,0.07246093268814119,"['went', 'down', 'through']","('went', 'down', 'through')","['went', 'down', 'through']","('went', 'down', 'through')",1.0,0.07246093268814119,about,about,2.0,0.14492186537628238,I,i,4.0,0.28984373075256475,had,had,6.0,0.43476559612884713,went,went,7.0,0.5072265288169884,down,down,1.0,0.07246093268814119,through,through,1.0,0.07246093268814119
VLD_se0_ag3_m_01_2,1675,1,1,"I said now RD-NAME-2 done had a stroke, she still getting it.","['said', 'now', 'RD-NAME-2']","('said', 'now', 'RD-NAME-2')","['said', 'now', 'rd-name-2']","('said', 'now', 'rd-name-2')",1.0,0.07246093268814119,"['had', 'a', 'stroke,']","('had', 'a', 'stroke,')","['had', 'a', 'stroke']","('had', 'a', 'stroke')",1.0,0.07246093268814119,said,said,1.0,0.07246093268814119,now,now,3.0,0.21738279806442357,RD-NAME-2,rdname2,1.0,0.07246093268814119,had,had,7.0,0.5072265288169884,a,a,6.0,0.43476559612884713,"stroke,",stroke,1.0,0.07246093268814119
VLD_se0_ag4_f_02_1,567,1,1,They go home and get a beating because they done took their hair loose.,"['beating', 'because', 'they']","('beating', 'because', 'they')","['beating', 'because', 'they']","('beating', 'because', 'they')",1.0,0.07246093268814119,"['took', 'their', 'hair']","('took', 'their', 'hair')","['took', 'their', 'hair']","('took', 'their', 'hair')",1.0,0.07246093268814119,beating,beating,1.0,0.07246093268814119,because,because,2.0,0.14492186537628238,they,they,10.0,0.7246093268814119,took,took,3.0,0.21738279806442357,their,their,1.0,0.07246093268814119,hair,hair,1.0,0.07246093268814119
VLD_se0_ag4_m_01_1,1483,1,1,"times we done had in this country,","[nan, 'times', 'we']","(nan, 'times', 'we')","['times', 'we']","('times', 'we')",1.0,0.07246093268814119,"['had', 'in', 'this']","('had', 'in', 'this')","['had', 'in', 'this']","('had', 'in', 'this')",1.0,0.07246093268814119,,,40.0,2.8984373075256475,times,times,1.0,0.07246093268814119,we,we,4.0,0.28984373075256475,had,had,7.0,0.5072265288169884,in,in,3.0,0.21738279806442357,this,this,4.0,0.28984373075256475
VLD_se0_ag4_m_02_1,6,1,1,How many people you done did this?,"['many', 'people', 'you']","('many', 'people', 'you')","['many', 'people', 'you']","('many', 'people', 'you')",1.0,0.07246093268814119,"['did', 'this?', nan]","('did', 'this?', nan)","['did', 'this']","('did', 'this')",1.0,0.07246093268814119,many,many,1.0,0.07246093268814119,people,people,3.0,0.21738279806442357,you,you,18.0,1.3042967883865415,did,did,10.0,0.7246093268814119,this?,this,1.0,0.07246093268814119,,,25.0,1.8115233172035299
VLD_se0_ag4_m_02_1,1701,2,1,"it just a lot of stuff I done went through. Went under houses, done seen snakes.","['Went', 'under', 'houses,']","('Went', 'under', 'houses,')","['went', 'under', 'houses']","('went', 'under', 'houses')",1.0,0.07246093268814119,"['seen', 'snakes.', nan]","('seen', 'snakes.', nan)","['seen', 'snakes']","('seen', 'snakes')",1.0,0.07246093268814119,Went,went,1.0,0.07246093268814119,under,under,1.0,0.07246093268814119,"houses,",houses,1.0,0.07246093268814119,seen,seen,5.0,0.36230466344070594,snakes.,snakes,1.0,0.07246093268814119,,,25.0,1.8115233172035299
VLD_se0_ag4_m_02_1,1739,1,1,"Man that was crazy, see that spider still sitting there after you done did all this beating on the wall.","['there', 'after', 'you']","('there', 'after', 'you')","['there', 'after', 'you']","('there', 'after', 'you')",1.0,0.07246093268814119,"['did', 'all', 'this']","('did', 'all', 'this')","['did', 'all', 'this']","('did', 'all', 'this')",1.0,0.07246093268814119,there,there,1.0,0.07246093268814119,after,after,1.0,0.07246093268814119,you,you,18.0,1.3042967883865415,did,did,10.0,0.7246093268814119,all,all,4.0,0.28984373075256475,this,this,4.0,0.28984373075256475
VLD_se0_ag4_m_02_1,1933,1,1,"I gets back to Valdosta, they done made arrangement for me to meet my mother.","['to', 'Valdosta,', 'they']","('to', 'Valdosta,', 'they')","['to', 'valdosta', 'they']","('to', 'valdosta', 'they')",1.0,0.07246093268814119,"['made', 'arrangement', 'for']","('made', 'arrangement', 'for')","['made', 'arrangement', 'for']","('made', 'arrangement', 'for')",1.0,0.07246093268814119,to,to,1.0,0.07246093268814119,"Valdosta,",valdosta,1.0,0.07246093268814119,they,they,10.0,0.7246093268814119,made,made,3.0,0.21738279806442357,arrangement,arrangement,1.0,0.07246093268814119,for,for,1.0,0.07246093268814119
