File,Line,Speaker,UttStartTime,UttEndTime,UttLength,InstancesCountPerLine,FeatureCountPerLine,Content,SubjectWordToken,PredicateWordToken,WordPattern,SubjectPOS,PredicatePOS,POSPattern,L45,L44,L43,L42,L41,L40,L39,L38,L37,L36,L35,L34,L33,L32,L31,L30,L29,L28,L27,L26,L25,L24,L23,L22,L21,L20,L19,L18,L17,L16,L15,L14,L13,L12,L11,L10,L9,L8,L7,L6,L5,L4,L3,L2,L1,ContentFeature,R1,R2,R3,R4,R5,R6,R7,R8,R9,R10,R11,R12,R13,R14,R15,R16,R17,R18,R19,R20,R21,R22,R23,R24,R25,R26,R27,R28,R29,R30,R31,R32,R33,R34,R35,R36,R37,R38,R39,R40
fe0300492,172,B,412.17,414.76,2.59,1,1,and i said man i be wondering if i'm a ,i,wondering,i_be_wondering,PronounPersonal,VerbPresentParticiple,PronounPersonal_be_VerbPresentParticiple,,,,,,,,,,,,,,,,,,,,,,,,,,,,,,,,,,,,,,,,,and,i,said,man,i,be ,wondering,if,i'm,a,,,,,,,,,,,,,,,,,,,,,,,,,,,,,,,,,,,,
fe0300505,121,B,243.62,245.55,1.93,1,1,ten dollars a pop be doing good ,dollars,doing,dollars_be_doing,Noun,VerbPresentParticiple,Noun_be_VerbPresentParticiple,,,,,,,,,,,,,,,,,,,,,,,,,,,,,,,,,,,,,,,,,,ten,dollars,a,pop,be ,doing,good,,,,,,,,,,,,,,,,,,,,,,,,,,,,,,,,,,,,,,
fe0300558,42,B,132.25,135.97,3.72,1,1,uh sometimes the subjects be really ,subjects,really,subjects_be_really,Noun,Adverb,Noun_be_Adverb,,,,,,,,,,,,,,,,,,,,,,,,,,,,,,,,,,,,,,,,,,uh,sometimes,the,subjects,be ,really,,,,,,,,,,,,,,,,,,,,,,,,,,,,,,,,,,,,,,,
fe0300598,72,A,241.76,246.95,5.19,1,1,native americans or italian or anything like that cause i really don't know anything about my background so therefore it be kind of neat ,it,neat,it_be_neat,PronounNonReferential,Adjective,PronounNonReferential_be_Adjective,,,,,,,,,,,,,,,,,,,,,,,,,,native,americans,or,italian,or,anything,like,that,cause,i,really,don't,know,anything,about,my,background,so,therefore,it,be ,kind,of,neat,,,,,,,,,,,,,,,,,,,,,,,,,,,,,,,,,,,,,
fe0300693,156,A,430.65,436.14,5.49,1,1,in the cell phone business sometimes it be kind of scary you wish that you actually knew who you were selling them too ,it,scary,it_be_scary,PronounNonReferential,Adjective,PronounNonReferential_be_Adjective,,,,,,,,,,,,,,,,,,,,,,,,,,,,,,,,,,,,,,,in,the,cell,phone,business,sometimes,it,be ,kind,of,scary,you,wish,that,you,actually,knew,who,you,were,selling,them,too,,,,,,,,,,,,,,,,,,,,,,,,,
fe0300860,125,B,558.42,567.45,9.03,1,1,you know they something wrong with it i don't know sometime people be doing drugs and they think oh i'm clean then have a kid i don't know it's a long story ,people,doing,people_be_doing,Noun,VerbPresentParticiple,Noun_be_VerbPresentParticiple,,,,,,,,,,,,,,,,,,,,,,,,,,,,,,,,,,you,know,they,something,wrong,with,it,i,don't,know,sometime,people,be ,doing,drugs,and,they,think,oh,i'm,clean,then,have,a,kid,i,don't,know,it's,a,long,story,,,,,,,,,,,,,,,,,,,,,
fe0300967,191,B,452.86,457.27,4.41,1,1,running the airline and then you have the people down there that are doing the job they be making ,they,making,they_be_making,PronounPersonal,VerbPresentParticiple,PronounPersonal_be_VerbPresentParticiple,,,,,,,,,,,,,,,,,,,,,,,,,,,,,running,the,airline,and,then,you,have,the,people,down,there,that,are,doing,the,job,they,be ,making,,,,,,,,,,,,,,,,,,,,,,,,,,,,,,,,,,,,,,,
fe0301323,31,A,136.52,145.32,8.8,1,1,i ye- yes and usually the person who make the lesser amount it seem like they be the one to do the hardest work and also fifteen cents will put you in a different bracket you're paying more tax on it ,they,one,they_be_one,PronounPersonal,PronounRelative,PronounPersonal_be_PronounRelative,,,,,,,,,,,,,,,,,,,,,,,,,,,,,,i,ye-,yes,and,usually,the,person,who,make,the,lesser,amount,it,seem,like,they,be ,the,one,to,do,the,hardest,work,and,also,fifteen,cents,will,put,you,in,a,different,bracket,you're,paying,more,tax,on,it,,,,,,,,,,,,,,,,
fe0301431,146,B,473.65,481.11,7.46,1,1,right i i agree with that because uh uh regardless of how people be thinking ,people,thinking,people_be_thinking,Noun,VerbPresentParticiple,Noun_be_VerbPresentParticiple,,,,,,,,,,,,,,,,,,,,,,,,,,,,,,,,,right,i,i,agree,with,that,because,uh,uh,regardless,of,how,people,be ,thinking,,,,,,,,,,,,,,,,,,,,,,,,,,,,,,,,,,,,,,,
fe0301485,67,A,166.03,180.11,14.08,1,1,see jets flying around all the time and we are not too far from a military base either so there's always something going on  with them flying their helicopters and stuff i don't know what they be doing  ,they,doing,they_be_doing,PronounPersonal,VerbPresentParticiple,PronounPersonal_be_VerbPresentParticiple,,,,,,,,,,see,jets,flying,around,all,the,time,and,we,are,not,too,far,from,a,military,base,either,so,there's,always,something,going,on,with,them,flying,their,helicopters,and,stuff,i,don't,know,what,they,be ,doing,,,,,,,,,,,,,,,,,,,,,,,,,,,,,,,,,,,,,,,
fe0301544,66,B,217.59,222.32,4.73,1,1,which was yes which was a bummer 'cause usually they be out the week of ,they,out,they_be_out,PronounPersonal,Adverb,PronounPersonal_be_Adverb,,,,,,,,,,,,,,,,,,,,,,,,,,,,,,,,,,,,which,was,yes,which,was,a,bummer,'cause,usually,they,be ,out,the,week,of,,,,,,,,,,,,,,,,,,,,,,,,,,,,,,,,,,,,
fe0301997,24,B,96.94,110.85,13.91,3,1,that's that's that's what how i feel about it because it takes everybody in this world to to make it you know and if it wouldn't be for the stockholders they wouldn't have a job all the ceos'd be out cutting grass or whatever they be doing ,they,doing,they_be_doing,PronounPersonal,VerbPresentParticiple,PronounPersonal_be_VerbPresentParticiple,that's,that's,that's,what,how,i,feel,about,it,because,it,takes,everybody,in,this,world,to,to,make,it,you,know,and,if,it,wouldn't,be,for,the,stockholders,they,wouldn't,have,a,job,all,the,ceos'd,be,out,cutting,grass,or,whatever,they,be ,doing,,,,,,,,,,,,,,,,,,,,,,,,,,,,,,,,,,,,,,,
fe0302048,152,A,336.47,343.49,7.02,1,1,oh okay so you know the whole schedule you got it down pat so you be watching ball all day long huh ,you,watching,you_be_watching,PronounPersonal,VerbPresentParticiple,PronounPersonal_be_VerbPresentParticiple,,,,,,,,,,,,,,,,,,,,,,,,,,,,,,,oh,okay,so,you,know,the,whole,schedule,you,got,it,down,pat,so,you,be ,watching,ball,all,day,long,huh,,,,,,,,,,,,,,,,,,,,,,,,,,,,,,,,,,
fe0302048,225,B,540.87,547.16,6.29,2,2,no he he he's not coaching everything on the ba- when he be on the basketball when he be on the coach he's a coach and everything ,he,on,he_be_on,PronounPersonal,Preposition,PronounPersonal_be_Preposition,,,,,,,,,,,,,,,,,,,,,,,,,,,,,,,,,,no,he,he,he's,not,coaching,everything,on,the,ba-,when,he,be ,on,the,basketball,when,he,be,on,the,coach,he's,a,coach,and,everything,,,,,,,,,,,,,,,,,,,,,,,,,,
fe0302048,225,B,540.87,547.16,6.29,2,2,no he he he's not coaching everything on the ba- when he be on the basketball when he be on the coach he's a coach and everything ,he,on,he_be_on,PronounPersonal,Preposition,PronounPersonal_be_Preposition,,,,,,,,,,,,,,,,,,,,,,,,,,,,no,he,he,he's,not,coaching,everything,on,the,ba-,when,he,be,on,the,basketball,when,he,be ,on,the,coach,he's,a,coach,and,everything,,,,,,,,,,,,,,,,,,,,,,,,,,,,,,,,
fe0302163,128,B,328.38,340.37,11.99,1,1,y- yeah uncle bud and it's really it's really good they give you a uh i mean they you be really full when you leave out of there they give you like uh a bowl of beans before they even bring your main course ,you,full,you_be_full,PronounPersonal,Adjective,PronounPersonal_be_Adjective,,,,,,,,,,,,,,,,,,,,,,,,,,,y-,yeah,uncle,bud,and,it's,really,it's,really,good,they,give,you,a,uh,i,mean,they,you,be ,really,full,when,you,leave,out,of,there,they,give,you,like,uh,a,bowl,of,beans,before,they,even,bring,your,main,course,,,,,,,,,,,,,,,,
fe0302192,69,B,194.22,204.69,10.47,2,2,yeah yeah i seen on t.v. once where they show what people be doing when they be cooking and stuff and that makes you leary about eating in these restaurants ,they,cooking,they_be_cooking,PronounPersonal,VerbPresentParticiple,PronounPersonal_be_VerbPresentParticiple,,,,,,,,,,,,,,,,,,,,,,,,,,,,,,yeah,yeah,i,seen,on,t.v.,once,where,they,show,what,people,be,doing,when,they,be ,cooking,and,stuff,and,that,makes,you,leary,about,eating,in,these,restaurants,,,,,,,,,,,,,,,,,,,,,,,,,,,
fe0302192,69,B,194.22,204.69,10.47,2,2,yeah yeah i seen on t.v. once where they show what people be doing when they be cooking and stuff and that makes you leary about eating in these restaurants ,people,doing,people_be_doing,Noun,VerbPresentParticiple,Noun_be_VerbPresentParticiple,,,,,,,,,,,,,,,,,,,,,,,,,,,,,,,,,,yeah,yeah,i,seen,on,t.v.,once,where,they,show,what,people,be ,doing,when,they,be,cooking,and,stuff,and,that,makes,you,leary,about,eating,in,these,restaurants,,,,,,,,,,,,,,,,,,,,,,,
fe0302283,204,B,568.2,571.19,2.99,2,2,i be going i be going down that way the weekend ,i,going,i_be_going,PronounPersonal,VerbPresentParticiple,PronounPersonal_be_VerbPresentParticiple,,,,,,,,,,,,,,,,,,,,,,,,,,,,,,,,,,,,,,,,,,i,be,going,i,be ,going,down,that,way,the,weekend,,,,,,,,,,,,,,,,,,,,,,,,,,,,,,,,,,
fe0302283,204,B,568.2,571.19,2.99,2,2,i be going i be going down that way the weekend ,i,going,i_be_going,PronounPersonal,VerbPresentParticiple,PronounPersonal_be_VerbPresentParticiple,,,,,,,,,,,,,,,,,,,,,,,,,,,,,,,,,,,,,,,,,,,,,i,be ,going,i,be,going,down,that,way,the,weekend,,,,,,,,,,,,,,,,,,,,,,,,,,,,,,,
fe0302283,208,B,576.78,579.07,2.29,1,1, yeah i be going down that way  ,i,going,i_be_going,PronounPersonal,VerbPresentParticiple,PronounPersonal_be_VerbPresentParticiple,,,,,,,,,,,,,,,,,,,,,,,,,,,,,,,,,,,,,,,,,,,,yeah,i,be ,going,down,that,way,,,,,,,,,,,,,,,,,,,,,,,,,,,,,,,,,,,,
fe0302344,16,B,31.07,38.58,7.51,1,1,well i um  sometime when i be around lots of people that drink a lot you know they tend to start acting crazy ,i,around,i_be_around,PronounPersonal,Adverb,PronounPersonal_be_Adverb,,,,,,,,,,,,,,,,,,,,,,,,,,,,,,,,,,,,,,,,well,i,um,sometime,when,i,be ,around,lots,of,people,that,drink,a,lot,you,know,they,tend,to,start,acting,crazy,,,,,,,,,,,,,,,,,,,,,,,,
fe0302344,98,B,210.16,217.21,7.05,1,1,even they be like they all had a stroke or somebody'll hit the wrong nerve in your head and you come out all this way and that a way ,they,like,they_be_like,PronounPersonal,QuotativeLike,PronounPersonal_be_QuotativeLike,,,,,,,,,,,,,,,,,,,,,,,,,,,,,,,,,,,,,,,,,,,,even,they,be ,like,they,all,had,a,stroke,or,somebody'll,hit,the,wrong,nerve,in,your,head,and,you,come,out,all,this,way,and,that,a,way,,,,,,,,,,,,,,
fe0302344,110,B,241.94,245.61,3.67,1,1,know like act the fool or something when they be drinking a lot  ,they,drinking,they_be_drinking,PronounPersonal,VerbPresentParticiple,PronounPersonal_be_VerbPresentParticiple,,,,,,,,,,,,,,,,,,,,,,,,,,,,,,,,,,,,,know,like,act,the,fool,or,something,when,they,be ,drinking,a,lot,,,,,,,,,,,,,,,,,,,,,,,,,,,,,,,,,,,,,
fe0302805,34,B,102.8,112.59,9.79,1,1, i i really don't be paying attention to most things like the scores and everything i just pay attention what they do and sometimes i like the girls from um ,i,paying,i_be_paying,PronounPersonal,VerbPresentParticiple,PronounPersonal_be_VerbPresentParticiple,,,,,,,,,,,,,,,,,,,,,,,,,,,,,,,,,,,,,,,,,,i,i,really,don't,be ,paying,attention,to,most,things,like,the,scores,and,everything,i,just,pay,attention,what,they,do,and,sometimes,i,like,the,girls,from,um,,,,,,,,,,,,,,,
fe0302848,22,A,66.67,76.9,10.23,1,1,i i i be busy doing a lot of things that you know usually most guys  uh get tied up in it  which you know i i'm a guy myself but i don't i guess they're just ,i,busy,i_be_busy,PronounPersonal,Adjective,PronounPersonal_be_Adjective,,,,,,,,,,,,,,,,,,,,,,,,,,,,,,,,,,,,,,,,,,,i,i,i,be ,busy,doing,a,lot,of,things,that,you,know,usually,most,guys,uh,get,tied,up,in,it,which,you,know,i,i'm,a,guy,myself,but,i,don't,i,guess,they're,just,,,,,,,
fe0302848,35,A,125.71,137.17,11.46,1,1,oh yes uh this particular person on this team and um uh they made a mistake and all and you know but i don't be really keeping up with it  but they they live and breathe this stuff you know ,i,keeping,i_be_keeping,PronounPersonal,VerbPresentParticiple,PronounPersonal_be_VerbPresentParticiple,,,,,,,,,,,,,,,,,,,,,,oh,yes,uh,this,particular,person,on,this,team,and,um,uh,they,made,a,mistake,and,all,and,you,know,but,i,don't,be ,really,keeping,up,with,it,but,they,they,live,and,breathe,this,stuff,you,know,,,,,,,,,,,,,,,,,,,,,,,,,
fe0303030,35,B,111.85,121.85,10,2,1,back and we'd be back and forth that at each other people come over they think we're a couple think we be arguing  think we argue ,we,arguing,we_be_arguing,PronounPersonal,VerbPresentParticiple,PronounPersonal_be_VerbPresentParticiple,,,,,,,,,,,,,,,,,,,,,,,,,back,and,we'd,be,back,and,forth,that,at,each,other,people,come,over,they,think,we're,a,couple,think,we,be ,arguing,think,we,argue,,,,,,,,,,,,,,,,,,,,,,,,,,,,,,,,,,,,
fe0303247,86,B,220.16,226.22,6.06,1,1, player he'll go from one to another you know but he still he be in love with everyone he meets so what can  ,he,in,he_be_in,PronounPersonal,Preposition,PronounPersonal_be_Preposition,,,,,,,,,,,,,,,,,,,,,,,,,,,,,,,,,player,he'll,go,from,one,to,another,you,know,but,he,still,he,be ,in,love,with,everyone,he,meets,so,what,can,,,,,,,,,,,,,,,,,,,,,,,,,,,,,,,
fe0303253,108,A,361.11,374.86,13.75,1,1,like when you living when you're live with a girl they they become so attached to you where you're like you know i'm going out and they be like no i don't want you to go out and then but i don't want to argue with you about not going out you know but they ,they,like,they_be_like,PronounPersonal,QuotativeLike,PronounPersonal_be_QuotativeLike,,,,,,,,,,,,,,,,,,,like,when,you,living,when,you're,live,with,a,girl,they,they,become,so,attached,to,you,where,you're,like,you,know,i'm,going,out,and,they,be ,like,no,i,don't,want,you,to,go,out,and,then,but,i,don't,want,to,argue,with,you,about,not,going,out,you,know,but,they,,,,,,,,,,,,,
fe0303435,167,A,464.35,473.88,9.53,1,1,you see you understand what i'm saying it's lust in there that's all it is and then once that lust dies down then all of a sudden they be like uh ,they,like,they_be_like,PronounPersonal,QuotativeLike,PronounPersonal_be_QuotativeLike,,,,,,,,,,,,,,,,,,you,see,you,understand,what,i'm,saying,it's,lust,in,there,that's,all,it,is,and,then,once,that,lust,dies,down,then,all,of,a,sudden,they,be ,like,uh,,,,,,,,,,,,,,,,,,,,,,,,,,,,,,,,,,,,,,
fe0303794,168,A,459.42,464.51,5.09,1,1,na- at least you know you be carrying the same diaper bag for a while and then you'll get rid of it an- ,you,carrying,you_be_carrying,PronounPersonal,VerbPresentParticiple,PronounPersonal_be_VerbPresentParticiple,,,,,,,,,,,,,,,,,,,,,,,,,,,,,,,,,,,,,,,,na-,at,least,you,know,you,be ,carrying,the,same,diaper,bag,for,a,while,and,then,you'll,get,rid,of,it,an-,,,,,,,,,,,,,,,,,,,,,,,,
fe0303809,80,B,219.46,227.87,8.41,1,1,no and it was you know something that everybody kind of enjoyed i mean my it'd end up my kids would leave the room and my dad and i be sitting there still laughing  a ,i,sitting,i_be_sitting,PronounPersonal,VerbPresentParticiple,PronounPersonal_be_VerbPresentParticiple,,,,,,,,,,,,,,,,,no,and,it,was,you,know,something,that,everybody,kind,of,enjoyed,i,mean,my,it'd,end,up,my,kids,would,leave,the,room,and,my,dad,and,i,be ,sitting,there,still,laughing,a,,,,,,,,,,,,,,,,,,,,,,,,,,,,,,,,,,,
fe0303901,193,B,568.42,582.95,14.53,1,1,you know it's kind of like a comedy um it's a comedy where these people go out and they be doing these real outrageous things and they do plan it's like ah an adult candid camera type thing  ,they,doing,they_be_doing,PronounPersonal,VerbPresentParticiple,PronounPersonal_be_VerbPresentParticiple,,,,,,,,,,,,,,,,,,,,,,,,,,,you,know,it's,kind,of,like,a,comedy,um,it's,a,comedy,where,these,people,go,out,and,they,be ,doing,these,real,outrageous,things,and,they,do,plan,it's,like,ah,an,adult,candid,camera,type,thing,,,,,,,,,,,,,,,,,,,,,,
fe0304382,41,B,104,112.02,8.02,1,1,but you know i maybe worth a million to you but not in other people book but you know friendship is like ah when you be there for one another ,you,there,you_be_there,PronounPersonal,Adverb,PronounPersonal_be_Adverb,,,,,,,,,,,,,,,,,,,,,but,you,know,i,maybe,worth,a,million,to,you,but,not,in,other,people,book,but,you,know,friendship,is,like,ah,when,you,be ,there,for,one,another,,,,,,,,,,,,,,,,,,,,,,,,,,,,,,,,,,,,
fe0304440,142,A,488.66,492.86,4.2,2,1, yeah you be you be wondering does she go to work  when you see her  ,you,wondering,you_be_wondering,PronounPersonal,VerbPresentParticiple,PronounPersonal_be_VerbPresentParticiple,,,,,,,,,,,,,,,,,,,,,,,,,,,,,,,,,,,,,,,,,,yeah,you,be,you,be ,wondering,does,she,go,to,work,when,you,see,her,,,,,,,,,,,,,,,,,,,,,,,,,,,,,,
fe0304524,9,A,28.66,31.99,3.33,1,1, that people be putting a- a- against them  ,people,putting,people_be_putting,Noun,VerbPresentParticiple,Noun_be_VerbPresentParticiple,,,,,,,,,,,,,,,,,,,,,,,,,,,,,,,,,,,,,,,,,,,,that,people,be ,putting,a-,a-,against,them,,,,,,,,,,,,,,,,,,,,,,,,,,,,,,,,,,,
fe0304610,134,A,401.28,406.13,4.85,1,1,train yeah that's what most of them do up here in new york on the train they be playing the games yeah ,they,playing,they_be_playing,PronounPersonal,VerbPresentParticiple,PronounPersonal_be_VerbPresentParticiple,,,,,,,,,,,,,,,,,,,,,,,,,,,,,train,yeah,that's,what,most,of,them,do,up,here,in,new,york,on,the,train,they,be ,playing,the,games,yeah,,,,,,,,,,,,,,,,,,,,,,,,,,,,,,,,,,,,
fe0304618,81,A,299.16,311.7,12.54,2,2, because i can my nephews be trying to show me 'cause sometimes i be looking at 'em i can't get the controls right a for this b. for this and c. for this  i can't get my coordination together ,i,looking,i_be_looking,PronounPersonal,VerbPresentParticiple,PronounPersonal_be_VerbPresentParticiple,,,,,,,,,,,,,,,,,,,,,,,,,,,,,,,,,because,i,can,my,nephews,be,trying,to,show,me,'cause,sometimes,i,be ,looking,at,'em,i,can't,get,the,controls,right,a,for,this,b.,for,this,and,c.,for,this,i,can't,get,my,coordination,together,,,,,,,,,,,,,,,
fe0304618,81,A,299.16,311.7,12.54,2,2, because i can my nephews be trying to show me 'cause sometimes i be looking at 'em i can't get the controls right a for this b. for this and c. for this  i can't get my coordination together ,nephews,trying,nephews_be_trying,Noun,VerbPresentParticiple,Noun_be_VerbPresentParticiple,,,,,,,,,,,,,,,,,,,,,,,,,,,,,,,,,,,,,,,,,because,i,can,my,nephews,be ,trying,to,show,me,'cause,sometimes,i,be,looking,at,'em,i,can't,get,the,controls,right,a,for,this,b.,for,this,and,c.,for,this,i,can't,get,my,coordination,together,,,,,,,
fe0304618,83,A,312.72,323.42,10.7,2,1,'cause a is for shooting and b. might be for something or i can't get it they be trying to show me and ah i just get you know aggravated with it and i just  stop ,they,trying,they_be_trying,PronounPersonal,VerbPresentParticiple,PronounPersonal_be_VerbPresentParticiple,,,,,,,,,,,,,,,,,,,,,,,,,,,,,'cause,a,is,for,shooting,and,b.,might,be,for,something,or,i,can't,get,it,they,be ,trying,to,show,me,and,ah,i,just,get,you,know,aggravated,with,it,and,i,just,stop,,,,,,,,,,,,,,,,,,,,,,
fe0305053,132,A,560.25,566.29,6.04,1,1,you know things like that so like i said you have to respect when they be like shaquille o'neal ,they,like,they_be_like,PronounPersonal,Preposition,PronounPersonal_be_Preposition,,,,,,,,,,,,,,,,,,,,,,,,,,,,,,,you,know,things,like,that,so,like,i,said,you,have,to,respect,when,they,be ,like,shaquille,o'neal,,,,,,,,,,,,,,,,,,,,,,,,,,,,,,,,,,,,,
fe0305062,83,B,226.76,236.17,9.41,1,1,yeah now that's all right 'cause you be inside in the gym or the or the colosseum or something like that but at the baseball or football you is outside in the cold or baseball you're outside in the heat ,you,inside,you_be_inside,PronounPersonal,Adverb,PronounPersonal_be_Adverb,,,,,,,,,,,,,,,,,,,,,,,,,,,,,,,,,,,,,,,yeah,now,that's,all,right,'cause,you,be ,inside,in,the,gym,or,the,or,the,colosseum,or,something,like,that,but,at,the,baseball,or,football,you,is,outside,in,the,cold,or,baseball,you're,outside,in,the,heat,,,,,,,,
fe0305068,160,B,548.3,554.19,5.89,1,1,you know the fight you fight you got back up or you you know and you keep you're not tired i don't believe they be really tired ,they,tired,they_be_tired,PronounPersonal,Adjective,PronounPersonal_be_Adjective,,,,,,,,,,,,,,,,,,,,,,you,know,the,fight,you,fight,you,got,back,up,or,you,you,know,and,you,keep,you're,not,tired,i,don't,believe,they,be ,really,tired,,,,,,,,,,,,,,,,,,,,,,,,,,,,,,,,,,,,,,
fe0305097,73,A,273.37,275.66,2.29,1,1,they don't even be bothered with things ,they,bothered,they_be_bothered,PronounPersonal,Adjective,PronounPersonal_be_Adjective,,,,,,,,,,,,,,,,,,,,,,,,,,,,,,,,,,,,,,,,,,,they,don't,even,be ,bothered,with,things,,,,,,,,,,,,,,,,,,,,,,,,,,,,,,,,,,,,,
fe0305218,57,B,259.58,266.97,7.39,1,1,and that's r- that's when in texas we have very volatile weather so you know it be thirty degrees one day and seventy the next and then ,it,degrees,it_be_degrees,PronounNonReferential,Noun,PronounNonReferential_be_Noun,,,,,,,,,,,,,,,,,,,,,,,,,,,,,,and,that's,r-,that's,when,in,texas,we,have,very,volatile,weather,so,you,know,it,be ,thirty,degrees,one,day,and,seventy,the,next,and,then,,,,,,,,,,,,,,,,,,,,,,,,,,,,,,
fe0305321,124,A,287.81,290.75,2.94,1,1,uh-huh yeah they be up in the boon decks ,they,in,they_be_in,PronounPersonal,Preposition,PronounPersonal_be_Preposition,,,,,,,,,,,,,,,,,,,,,,,,,,,,,,,,,,,,,,,,,,,uh-huh,yeah,they,be ,up,in,the,boon,decks,,,,,,,,,,,,,,,,,,,,,,,,,,,,,,,,,,,
fe0305451,42,A,102.53,106.51,3.98,1,1,and i don't be at home that much to even play the games that's why i haven't been into it even ,i,at,i_be_at,PronounPersonal,Preposition,PronounPersonal_be_Preposition,,,,,,,,,,,,,,,,,,,,,,,,,,,,,,,,,,,,,,,,,,,and,i,don't,be ,at,home,that,much,to,even,play,the,games,that's,why,i,haven't,been,into,it,even,,,,,,,,,,,,,,,,,,,,,,,
fe0305572,58,B,165.33,171.83,6.5,1,1,you know those the ones that you those the ones you be trying really really reach out and touch and you ,you,trying,you_be_trying,PronounPersonal,VerbPresentParticiple,PronounPersonal_be_VerbPresentParticiple,,,,,,,,,,,,,,,,,,,,,,,,,,,,,,,,,,,you,know,those,the,ones,that,you,those,the,ones,you,be ,trying,really,really,reach,out,and,touch,and,you,,,,,,,,,,,,,,,,,,,,,,,,,,,,,,,
fe0305757,129,A,564.32,575.96,11.64,1,1,like when i get on a computer and it starts printing error and error out you know i i don't know what the problem is the motherboard be arguing with the printer and everything but but anyway ah ,motherboard,arguing,motherboard_be_arguing,Noun,VerbPresentParticiple,Noun_be_VerbPresentParticiple,,,,,,,,,,,,,,,,,,,like,when,i,get,on,a,computer,and,it,starts,printing,error,and,error,out,you,know,i,i,don't,know,what,the,problem,is,the,motherboard,be ,arguing,with,the,printer,and,everything,but,but,anyway,ah,,,,,,,,,,,,,,,,,,,,,,,,,,,,,,
fe0305779,9,B,46.19,49.96,3.77,1,1, the the stage in my life where i possibly you know i be looking for ,i,looking,i_be_looking,PronounPersonal,VerbPresentParticiple,PronounPersonal_be_VerbPresentParticiple,,,,,,,,,,,,,,,,,,,,,,,,,,,,,,,,,,the,the,stage,in,my,life,where,i,possibly,you,know,i,be ,looking,for,,,,,,,,,,,,,,,,,,,,,,,,,,,,,,,,,,,,,,
fe0305874,150,A,460.52,463.94,3.42,1,1,and i be having me some fun fun fun fun fun ,i,having,i_be_having,PronounPersonal,VerbPresentParticiple,PronounPersonal_be_VerbPresentParticiple,,,,,,,,,,,,,,,,,,,,,,,,,,,,,,,,,,,,,,,,,,,,and,i,be ,having,me,some,fun,fun,fun,fun,fun,,,,,,,,,,,,,,,,,,,,,,,,,,,,,,,,
fe0305877,137,B,306.9,309.87,2.97,1,1,if you have a conscience because there are some people out here who be like ,who,like,who_be_like,PronounRelative,QuotativeLike,PronounRelative_be_QuotativeLike,,,,,,,,,,,,,,,,,,,,,,,,,,,,,,,,,if,you,have,a,conscience,because,there,are,some,people,out,here,who,be ,like,,,,,,,,,,,,,,,,,,,,,,,,,,,,,,,,,,,,,,,
fe0305880,76,B,280.53,287.19,6.66,1,1,yeah that's how my friend is i i be with her than i do with my family as well yeah ,i,with,i_be_with,PronounPersonal,Preposition,PronounPersonal_be_Preposition,,,,,,,,,,,,,,,,,,,,,,,,,,,,,,,,,,,,,,yeah,that's,how,my,friend,is,i,i,be ,with,her,than,i,do,with,my,family,as,well,yeah,,,,,,,,,,,,,,,,,,,,,,,,,,,,,
fe0305883,159,B,361.53,363.28,1.75,1,1,you be sending college ,you,sending,you_be_sending,PronounPersonal,VerbPresentParticiple,PronounPersonal_be_VerbPresentParticiple,,,,,,,,,,,,,,,,,,,,,,,,,,,,,,,,,,,,,,,,,,,,,you,be ,sending,college,,,,,,,,,,,,,,,,,,,,,,,,,,,,,,,,,,,,,,
fe0305927,37,A,109.21,112.63,3.42,1,1,i would think that it be hard to find good teachers when ,it,hard,it_be_hard,PronounNonReferential,Adjective,PronounNonReferential_be_Adjective,,,,,,,,,,,,,,,,,,,,,,,,,,,,,,,,,,,,,,,,,i,would,think,that,it,be ,hard,to,find,good,teachers,when,,,,,,,,,,,,,,,,,,,,,,,,,,,,,,,,,,
fe0306508,15,B,22.65,30.81,8.16,1,1,oh i don't trials is like to me i figure like the way they be putting people in citizens to a time and stuff ,they,putting,they_be_putting,PronounPersonal,VerbPresentParticiple,PronounPersonal_be_VerbPresentParticiple,,,,,,,,,,,,,,,,,,,,,,,,,,,,,,,,oh,i,don't,trials,is,like,to,me,i,figure,like,the,way,they,be ,putting,people,in,citizens,to,a,time,and,stuff,,,,,,,,,,,,,,,,,,,,,,,,,,,,,,,
fe0306522,137,B,415.29,420.89,5.6,2,1,at the end of the day you don't know how b- how bad or how lost you be how lost you be behaving ,you,behaving,you_be_behaving,PronounPersonal,VerbPresentParticiple,PronounPersonal_be_VerbPresentParticiple,,,,,,,,,,,,,,,,,,,,,,,,,at,the,end,of,the,day,you,don't,know,how,b-,how,bad,or,how,lost,you,be,how,lost,you,be ,behaving,,,,,,,,,,,,,,,,,,,,,,,,,,,,,,,,,,,,,,,
fe0306643,24,A,52.87,58.71,5.84,1,1,is sort of confusing because the the school be forbidding to read certain books you know ,school,forbidding,school_be_forbidding,Noun,VerbPresentParticiple,Noun_be_VerbPresentParticiple,,,,,,,,,,,,,,,,,,,,,,,,,,,,,,,,,,,,,,is,sort,of,confusing,because,the,the,school,be ,forbidding,to,read,certain,books,you,know,,,,,,,,,,,,,,,,,,,,,,,,,,,,,,,,,
fe0306733,52,A,125.04,135.5,10.46,1,1,ok- and you park your bike on the side of the street you come back in a hour and there are pieces missing off your bike  it seems like and it be chained up too they have them in places you chain 'em to ,it,chained,it_be_chained,PronounNonReferential,Adjective,PronounNonReferential_be_Adjective,,,,,,,,,,,,,,,ok-,and,you,park,your,bike,on,the,side,of,the,street,you,come,back,in,a,hour,and,there,are,pieces,missing,off,your,bike,it,seems,like,and,it,be ,chained,up,too,they,have,them,in,places,you,chain,'em,to,,,,,,,,,,,,,,,,,,,,,,,,,,,,
fe0306857,109,B,413.77,424.25,10.48,1,1,yeah he be flying anyway so that's one thing in a person like that don't need no gun either  you know just saying so oh yeah so they said it happens more them people i don't know somebody turned him in ,he,flying,he_be_flying,PronounPersonal,VerbPresentParticiple,PronounPersonal_be_VerbPresentParticiple,,,,,,,,,,,,,,,,,,,,,,,,,,,,,,,,,,,,,,,,,,,,yeah,he,be ,flying,anyway,so,that's,one,thing,in,a,person,like,that,don't,need,no,gun,either,you,know,just,saying,so,oh,yeah,so,they,said,it,happens,more,them,people,i,don't,know,somebody,turned,him,in,,
fe0307151,85,A,204.36,207.44,3.08,1,1,'cause um i i usually be on my computer too ,i,on,i_be_on,PronounPersonal,Preposition,PronounPersonal_be_Preposition,,,,,,,,,,,,,,,,,,,,,,,,,,,,,,,,,,,,,,,,,'cause,um,i,i,usually,be ,on,my,computer,too,,,,,,,,,,,,,,,,,,,,,,,,,,,,,,,,,,,,
fe0307153,56,B,184,190.52,6.52,2,1,when i see the uh the sun is shining i be at work i say oh my god i don't want to be here i want to go home ,i,here,i_be_here,PronounPersonal,Adverb,PronounPersonal_be_Adverb,,,,,,,,,,,,,,,,,,,,,,,,when,i,see,the,uh,the,sun,is,shining,i,be,at,work,i,say,oh,my,god,i,don't,want,to,be ,here,i,want,to,go,home,,,,,,,,,,,,,,,,,,,,,,,,,,,,,,,,,,
fe0307156,206,B,573.24,578.44,5.2,2,1,like when i'm heavier my blood pressure be usually be up you know what i'm saying stuff like that ,blood pressure,up,blood pressure_be_up,Noun,Adverb,Noun_be_Adverb,,,,,,,,,,,,,,,,,,,,,,,,,,,,,,,,,,,,,like,when,i'm,heavier,my,blood,pressure,be,usually,be ,up,you,know,what,i'm,saying,stuff,like,that,,,,,,,,,,,,,,,,,,,,,,,,,,,,,,,
fe0307219,96,A,381.12,386.08,4.96,1,1, and talk he said because it don't make sense how much we be on the phone  ,we,on,we_be_on,PronounPersonal,Preposition,PronounPersonal_be_Preposition,,,,,,,,,,,,,,,,,,,,,,,,,,,,,,,,,,and,talk,he,said,because,it,don't,make,sense,how,much,we,be ,on,the,phone,,,,,,,,,,,,,,,,,,,,,,,,,,,,,,,,,,,,,
fe0307255,101,B,262.99,272.83,9.84,1,1,but i don't like them i don't like them like i'll go to 'em but i don't really like them little cheap restaurants they be having your your your silverware half ,they,having,they_be_having,PronounPersonal,VerbPresentParticiple,PronounPersonal_be_VerbPresentParticiple,,,,,,,,,,,,,,,,,,,,,,but,i,don't,like,them,i,don't,like,them,like,i'll,go,to,'em,but,i,don't,really,like,them,little,cheap,restaurants,they,be ,having,your,your,your,silverware,half,,,,,,,,,,,,,,,,,,,,,,,,,,,,,,,,,,
fe0307255,164,B,479.94,488.39,8.45,1,1,so y'all be going out to restaurants and stuff or you just you know you don't take 'em when you go to a good restaurant go like to chucky cheese and stuff like that ,y'all,going,y'all_be_going,PronounPersonal,VerbPresentParticiple,PronounPersonal_be_VerbPresentParticiple,,,,,,,,,,,,,,,,,,,,,,,,,,,,,,,,,,,,,,,,,,,,so,y'all,be ,going,out,to,restaurants,and,stuff,or,you,just,you,know,you,don't,take,'em,when,you,go,to,a,good,restaurant,go,like,to,chucky,cheese,and,stuff,like,that,,,,,,,,,
fe0307601,42,B,92.55,94.17,1.62,1,1, they be all right but  ,they,all right,they_be_all right,PronounPersonal,Adjective,PronounPersonal_be_Adjective,,,,,,,,,,,,,,,,,,,,,,,,,,,,,,,,,,,,,,,,,,,,,they,be ,all,right,but,,,,,,,,,,,,,,,,,,,,,,,,,,,,,,,,,,,,,
fe0307601,110,B,271.49,277.14,5.65,2,1,they are like when you be like like basketball games depending on where you sit at they be like ,they,like,they_be_like,PronounPersonal,QuotativeLike,PronounPersonal_be_QuotativeLike,,,,,,,,,,,,,,,,,,,,,,,,,,,,,they,are,like,when,you,be,like,like,basketball,games,depending,on,where,you,sit,at,they,be ,like,,,,,,,,,,,,,,,,,,,,,,,,,,,,,,,,,,,,,,,
fe0307601,206,B,524.76,529,4.24,3,3,'cause when they be saying like down there they be showing it on t. v. how it be like ,it,like,it_be_like,PronounNonReferential,QuotativeLike,PronounNonReferential_be_QuotativeLike,,,,,,,,,,,,,,,,,,,,,,,,,,,,,'cause,when,they,be,saying,like,down,there,they,be,showing,it,on,t.,v.,how,it,be ,like,,,,,,,,,,,,,,,,,,,,,,,,,,,,,,,,,,,,,,,
fe0307601,206,B,524.76,529,4.24,3,3,'cause when they be saying like down there they be showing it on t. v. how it be like ,they,saying,they_be_saying,PronounPersonal,VerbPresentParticiple,PronounPersonal_be_VerbPresentParticiple,,,,,,,,,,,,,,,,,,,,,,,,,,,,,,,,,,,,,,,,,,,'cause,when,they,be ,saying,like,down,there,they,be,showing,it,on,t.,v.,how,it,be,like,,,,,,,,,,,,,,,,,,,,,,,,,
fe0307601,206,B,524.76,529,4.24,3,3,'cause when they be saying like down there they be showing it on t. v. how it be like ,they,showing,they_be_showing,PronounPersonal,VerbPresentParticiple,PronounPersonal_be_VerbPresentParticiple,,,,,,,,,,,,,,,,,,,,,,,,,,,,,,,,,,,,,'cause,when,they,be,saying,like,down,there,they,be ,showing,it,on,t.,v.,how,it,be,like,,,,,,,,,,,,,,,,,,,,,,,,,,,,,,,
fe0307601,210,B,534.12,537.78,3.66,1,1,lot of houses be all knocked down and ,houses,knocked down,houses_be_knocked down,Noun,Adjective,Noun_be_Adjective,,,,,,,,,,,,,,,,,,,,,,,,,,,,,,,,,,,,,,,,,,,lot,of,houses,be ,all,knocked,down,and,,,,,,,,,,,,,,,,,,,,,,,,,,,,,,,,,,,,
fe0307794,99,B,266.52,269.5,2.98,1,1,mhm yep and they be real funny it's ,they,funny,they_be_funny,PronounPersonal,Adjective,PronounPersonal_be_Adjective,,,,,,,,,,,,,,,,,,,,,,,,,,,,,,,,,,,,,,,,,,mhm,yep,and,they,be ,real,funny,it's,,,,,,,,,,,,,,,,,,,,,,,,,,,,,,,,,,,,,
fe0307794,115,B,307.11,312.36,5.25,1,1,but but on comic view when they had the the most of the white guys be real funny when they ,most,funny,most_be_funny,Noun,Adjective,Noun_be_Adjective,,,,,,,,,,,,,,,,,,,,,,,,,,,,,,,but,but,on,comic,view,when,they,had,the,the,most,of,the,white,guys,be ,real,funny,when,they,,,,,,,,,,,,,,,,,,,,,,,,,,,,,,,,,,,,
fe0307810,170,A,500.37,504.72,4.35,3,3,they be like come on come you know and he just be looking at her like and she be come on ,she,come,she_be_come,PronounPersonal,VerbPastParticiple,PronounPersonal_be_VerbPastParticiple,,,,,,,,,,,,,,,,,,,,,,,,,,,,they,be,like,come,on,come,you,know,and,he,just,be,looking,at,her,like,and,she,be ,come,on,,,,,,,,,,,,,,,,,,,,,,,,,,,,,,,,,,,,,,
fe0307810,170,A,500.37,504.72,4.35,3,3,they be like come on come you know and he just be looking at her like and she be come on ,they,like,they_be_like,PronounPersonal,QuotativeLike,PronounPersonal_be_QuotativeLike,,,,,,,,,,,,,,,,,,,,,,,,,,,,,,,,,,,,,,,,,,,,,they,be ,like,come,on,come,you,know,and,he,just,be,looking,at,her,like,and,she,be,come,on,,,,,,,,,,,,,,,,,,,,,
fe0307810,170,A,500.37,504.72,4.35,3,3,they be like come on come you know and he just be looking at her like and she be come on ,he,looking,he_be_looking,PronounPersonal,VerbPresentParticiple,PronounPersonal_be_VerbPresentParticiple,,,,,,,,,,,,,,,,,,,,,,,,,,,,,,,,,,,they,be,like,come,on,come,you,know,and,he,just,be ,looking,at,her,like,and,she,be,come,on,,,,,,,,,,,,,,,,,,,,,,,,,,,,,,,
fe0307954,142,A,406.76,416.84,10.08,1,1, right at the same school the only way they leave is if something happens and then if they leave they be like okay  what is going on  but most teachers  if anything they might go up to another grade ,they,like,they_be_like,PronounPersonal,QuotativeLike,PronounPersonal_be_QuotativeLike,,,,,,,,,,,,,,,,,,,,,,,,,,right,at,the,same,school,the,only,way,they,leave,is,if,something,happens,and,then,if,they,leave,they,be ,like,okay,what,is,going,on,but,most,teachers,if,anything,they,might,go,up,to,another,grade,,,,,,,,,,,,,,,,,,,,,,
fe0307956,136,B,530,535.07,5.07,1,1,but um today three oclock people be running out before the the bell goes ding for three ,people,running,people_be_running,Noun,VerbPresentParticiple,Noun_be_VerbPresentParticiple,,,,,,,,,,,,,,,,,,,,,,,,,,,,,,,,,,,,,,,,but,um,today,three,oclock,people,be ,running,out,before,the,the,bell,goes,ding,for,three,,,,,,,,,,,,,,,,,,,,,,,,,,,,,,
fe0308026,115,A,259.41,263.45,4.04,1,1, so that's why you know some big kids be calling up and staying up all night playing these games  ,kids,calling,kids_be_calling,Noun,VerbPresentParticiple,Noun_be_VerbPresentParticiple,,,,,,,,,,,,,,,,,,,,,,,,,,,,,,,,,,,,,,so,that's,why,you,know,some,big,kids,be ,calling,up,and,staying,up,all,night,playing,these,games,,,,,,,,,,,,,,,,,,,,,,,,,,,,,,
fe0308050,173,A,546.66,553.03,6.37,1,1,'cause the way they be uh pressing those buttons going back and forth and kicking and jumping up and all that stuff fighting i can't get into that ,they,pressing,they_be_pressing,PronounPersonal,VerbPresentParticiple,PronounPersonal_be_VerbPresentParticiple,,,,,,,,,,,,,,,,,,,,,,,,,,,,,,,,,,,,,,,,,,'cause,the,way,they,be ,uh,pressing,those,buttons,going,back,and,forth,and,kicking,and,jumping,up,and,all,that,stuff,fighting,i,can't,get,into,that,,,,,,,,,,,,,,,,,
fe0308322,139,B,344.33,352.37,8.04,1,1,and it makes you feel better and then once you eat some fruit and stuff you be feeling all right i cut down a lot of drinking ,you,feeling,you_be_feeling,PronounPersonal,VerbPresentParticiple,PronounPersonal_be_VerbPresentParticiple,,,,,,,,,,,,,,,,,,,,,,,,,,,,,,and,it,makes,you,feel,better,and,then,once,you,eat,some,fruit,and,stuff,you,be ,feeling,all,right,i,cut,down,a,lot,of,drinking,,,,,,,,,,,,,,,,,,,,,,,,,,,,,,
fe0308472,134,B,405.83,409.21,3.38,1,1, i be watching pool though you even seen like the pool games on t.v. ,i,watching,i_be_watching,PronounPersonal,VerbPresentParticiple,PronounPersonal_be_VerbPresentParticiple,,,,,,,,,,,,,,,,,,,,,,,,,,,,,,,,,,,,,,,,,,,,,i,be ,watching,pool,though,you,even,seen,like,the,pool,games,on,t.v.,,,,,,,,,,,,,,,,,,,,,,,,,,,,
fe0308472,136,B,411.51,413.12,1.61,1,1,i be watching them huh ,i,watching,i_be_watching,PronounPersonal,VerbPresentParticiple,PronounPersonal_be_VerbPresentParticiple,,,,,,,,,,,,,,,,,,,,,,,,,,,,,,,,,,,,,,,,,,,,,i,be ,watching,them,huh,,,,,,,,,,,,,,,,,,,,,,,,,,,,,,,,,,,,,
fe0308472,149,B,438.18,444.41,6.23,1,1,they be fun i mean it's fun because i thought that i was good in pool until i seen them i went okay ,they,fun,they_be_fun,PronounPersonal,Adjective,PronounPersonal_be_Adjective,,,,,,,,,,,,,,,,,,,,,,,,,,,,,,,,,,,,,,,,,,,,,they,be ,fun,i,mean,it's,fun,because,i,thought,that,i,was,good,in,pool,until,i,seen,them,i,went,okay,,,,,,,,,,,,,,,,,,,
fe0308472,216,B,593.25,599.62,6.37,1,1,i mean yeah i watch it but i mean you know i mean jamaica i mean they be letting me down so  ,they,letting,they_be_letting,PronounPersonal,VerbPresentParticiple,PronounPersonal_be_VerbPresentParticiple,,,,,,,,,,,,,,,,,,,,,,,,,,,,,i,mean,yeah,i,watch,it,but,i,mean,you,know,i,mean,jamaica,i,mean,they,be ,letting,me,down,so,,,,,,,,,,,,,,,,,,,,,,,,,,,,,,,,,,,,
fe0308483,97,A,215.45,225.23,9.78,1,1, i go past there a lot  i ain't 'cause they 'cause 'cause they don't they don't know how to act sometimes they they be fighting and stuff  ,they,fighting,they_be_fighting,PronounPersonal,VerbPresentParticiple,PronounPersonal_be_VerbPresentParticiple,,,,,,,,,,,,,,,,,,,,,,,i,go,past,there,a,lot,i,ain't,'cause,they,'cause,'cause,they,don't,they,don't,know,how,to,act,sometimes,they,they,be ,fighting,and,stuff,,,,,,,,,,,,,,,,,,,,,,,,,,,,,,,,,,,,,
fe0308483,221,A,541.83,544.42,2.59,1,1, no me neither 'cause they be knocking out  ,they,knocking,they_be_knocking,PronounPersonal,VerbPresentParticiple,PronounPersonal_be_VerbPresentParticiple,,,,,,,,,,,,,,,,,,,,,,,,,,,,,,,,,,,,,,,,,no,me,neither,'cause,they,be ,knocking,out,,,,,,,,,,,,,,,,,,,,,,,,,,,,,,,,,,,,,,
fe0308483,222,A,545.56,549.69,4.13,1,1, there they be coming all out of there small guys  ,they,coming,they_be_coming,PronounPersonal,VerbPresentParticiple,PronounPersonal_be_VerbPresentParticiple,,,,,,,,,,,,,,,,,,,,,,,,,,,,,,,,,,,,,,,,,,,,there,they,be ,coming,all,out,of,there,small,guys,,,,,,,,,,,,,,,,,,,,,,,,,,,,,,,,,
fe0308864,22,B,101.76,109.66,7.9,1,1,and screen these people because they be working and getting welfare soon as they know they're getting ready to get cut off they get pregnant again ,they,working,they_be_working,PronounPersonal,VerbPresentParticiple,PronounPersonal_be_VerbPresentParticiple,,,,,,,,,,,,,,,,,,,,,,,,,,,,,,,,,,,,,,,,and,screen,these,people,because,they,be ,working,and,getting,welfare,soon,as,they,know,they're,getting,ready,to,get,cut,off,they,get,pregnant,again,,,,,,,,,,,,,,,,,,,,,
fe0308935,52,B,129.42,136.51,7.09,1,1,what kind of thing is this that when i be talking my topic yesterday was on the government and the day before it was on family ,i,talking,i_be_talking,PronounPersonal,VerbPresentParticiple,PronounPersonal_be_VerbPresentParticiple,,,,,,,,,,,,,,,,,,,,,,,,,,,,,,,,,,,,,what,kind,of,thing,is,this,that,when,i,be ,talking,my,topic,yesterday,was,on,the,government,and,the,day,before,it,was,on,family,,,,,,,,,,,,,,,,,,,,,,,,
fe0308935,229,B,571.73,584.84,13.11,2,2,so they be on welfare driving brand new cars and they husbands be working and they say they ain't seeing they husbands and stuff like that you know they lie a lot and they use people's social security numbers and stuff ,they,on,they_be_on,PronounPersonal,Preposition,PronounPersonal_be_Preposition,,,,,,,,,,,,,,,,,,,,,,,,,,,,,,,,,,,,,,,,,,,,so,they,be ,on,welfare,driving,brand,new,cars,and,they,husbands,be,working,and,they,say,they,ain't,seeing,they,husbands,and,stuff,like,that,you,know,they,lie,a,lot,and,they,use,people's,social,security,numbers,and,stuff,,
fe0308935,229,B,571.73,584.84,13.11,2,2,so they be on welfare driving brand new cars and they husbands be working and they say they ain't seeing they husbands and stuff like that you know they lie a lot and they use people's social security numbers and stuff ,husbands,working,husbands_be_working,Noun,VerbPresentParticiple,Noun_be_VerbPresentParticiple,,,,,,,,,,,,,,,,,,,,,,,,,,,,,,,,,,so,they,be,on,welfare,driving,brand,new,cars,and,they,husbands,be ,working,and,they,say,they,ain't,seeing,they,husbands,and,stuff,like,that,you,know,they,lie,a,lot,and,they,use,people's,social,security,numbers,and,stuff,,,,,,,,,,,,
fe0309117,123,A,426.54,429.01,2.47,1,1,i really don't be bothered with it you know ,i,bothered,i_be_bothered,PronounPersonal,Adjective,PronounPersonal_be_Adjective,,,,,,,,,,,,,,,,,,,,,,,,,,,,,,,,,,,,,,,,,,,i,really,don't,be ,bothered,with,it,you,know,,,,,,,,,,,,,,,,,,,,,,,,,,,,,,,,,,,
fe0309152,50,B,174.42,181.05,6.63,1,1,yeah yeah i don't have health insurance so ah i don't rarely be going to the doctor's offices ,i,going,i_be_going,PronounPersonal,VerbPresentParticiple,PronounPersonal_be_VerbPresentParticiple,,,,,,,,,,,,,,,,,,,,,,,,,,,,,,,,,,yeah,yeah,i,don't,have,health,insurance,so,ah,i,don't,rarely,be ,going,to,the,doctor's,offices,,,,,,,,,,,,,,,,,,,,,,,,,,,,,,,,,,,
fe0309183,72,B,218.14,227.24,9.1,3,1,it's crazy 'cause like i'll come across other studies and studies will be like for serious people and it'll be like for three four grand but they be trying to have you take like medications and stuff ,they,trying,they_be_trying,PronounPersonal,VerbPresentParticiple,PronounPersonal_be_VerbPresentParticiple,,,,,,,,,,,,,,,,,,,it's,crazy,'cause,like,i'll,come,across,other,studies,and,studies,will,be,like,for,serious,people,and,it'll,be,like,for,three,four,grand,but,they,be ,trying,to,have,you,take,like,medications,and,stuff,,,,,,,,,,,,,,,,,,,,,,,,,,,,,,,
fe0309205,35,A,78.15,87.23,9.08,1,1, mhm majority has a majority of news mhm so that's what i be watching  ,i,watching,i_be_watching,PronounPersonal,VerbPresentParticiple,PronounPersonal_be_VerbPresentParticiple,,,,,,,,,,,,,,,,,,,,,,,,,,,,,,,,,,mhm,majority,has,a,majority,of,news,mhm,so,that's,what,i,be ,watching,,,,,,,,,,,,,,,,,,,,,,,,,,,,,,,,,,,,,,,
fe0309335,170,A,506.38,510.79,4.41,1,1, mm that's why i'm out of the words and stuff i be saying everything yesterday  ,i,saying,i_be_saying,PronounPersonal,VerbPresentParticiple,PronounPersonal_be_VerbPresentParticiple,,,,,,,,,,,,,,,,,,,,,,,,,,,,,,,,,,,mm,that's,why,i'm,out,of,the,words,and,stuff,i,be ,saying,everything,yesterday,,,,,,,,,,,,,,,,,,,,,,,,,,,,,,,,,,,,,
fe0309336,100,A,256.74,262.09,5.35,1,1,which is hell easy you just make flyers put 'em up in the city be like do you want ten dollars free ,city,like,city_be_like,Noun,QuotativeLike,Noun_be_QuotativeLike,,,,,,,,,,,,,,,,,,,,,,,,,,,,,,,,which,is,hell,easy,you,just,make,flyers,put,'em,up,in,the,city,be ,like,do,you,want,ten,dollars,free,,,,,,,,,,,,,,,,,,,,,,,,,,,,,,,,,
fe0309522,76,B,187.31,192.09,4.78,1,1,oh oh so you be in the nightclubs doing it breaking it down huh ,you,in,you_be_in,PronounPersonal,Preposition,PronounPersonal_be_Preposition,,,,,,,,,,,,,,,,,,,,,,,,,,,,,,,,,,,,,,,,,,oh,oh,so,you,be ,in,the,nightclubs,doing,it,breaking,it,down,huh,,,,,,,,,,,,,,,,,,,,,,,,,,,,,,,
fe0309531,107,B,243.41,248.25,4.84,1,1, and the weekend i be resting trying to at least  ,i,resting,i_be_resting,PronounPersonal,VerbPresentParticiple,PronounPersonal_be_VerbPresentParticiple,,,,,,,,,,,,,,,,,,,,,,,,,,,,,,,,,,,,,,,,,,and,the,weekend,i,be ,resting,trying,to,at,least,,,,,,,,,,,,,,,,,,,,,,,,,,,,,,,,,,,
fe0309549,89,B,230.61,240.05,9.44,1,1,yeah i got some friends now right they just like they be playing once a week like on fridays they trying to get me out there i say no i ain't played no ball for so long ,they,playing,they_be_playing,PronounPersonal,VerbPresentParticiple,PronounPersonal_be_VerbPresentParticiple,,,,,,,,,,,,,,,,,,,,,,,,,,,,,,,,,,,yeah,i,got,some,friends,now,right,they,just,like,they,be ,playing,once,a,week,like,on,fridays,they,trying,to,get,me,out,there,i,say,no,i,ain't,played,no,ball,for,so,long,,,,,,,,,,,,,,,
fe0309549,97,B,253.71,262.2,8.49,1,1,so i don't really be playing that much but i'm thinking about it you know one friday maybe not this friday next friday i'm thinking about um ,i,playing,i_be_playing,PronounPersonal,VerbPresentParticiple,PronounPersonal_be_VerbPresentParticiple,,,,,,,,,,,,,,,,,,,,,,,,,,,,,,,,,,,,,,,,,,so,i,don't,really,be ,playing,that,much,but,i'm,thinking,about,it,you,know,one,friday,maybe,not,this,friday,next,friday,i'm,thinking,about,um,,,,,,,,,,,,,,,,,,
fe0309553,189,B,534.97,537.8,2.83,1,1,especially college football they be hit ,they,hit,they_be_hit,PronounPersonal,VerbPastParticiple,PronounPersonal_be_VerbPastParticiple,,,,,,,,,,,,,,,,,,,,,,,,,,,,,,,,,,,,,,,,,,especially,college,football,they,be ,hit,,,,,,,,,,,,,,,,,,,,,,,,,,,,,,,,,,,,,,,
fe0309553,191,B,538.32,539.98,1.66,1,1,they be hit ,they,hit,they_be_hit,PronounPersonal,VerbPastParticiple,PronounPersonal_be_VerbPastParticiple,,,,,,,,,,,,,,,,,,,,,,,,,,,,,,,,,,,,,,,,,,,,,they,be ,hit,,,,,,,,,,,,,,,,,,,,,,,,,,,,,,,,,,,,,,,
fe0309595,85,A,200.25,202.42,2.17,1,1,yeah i do because they be running ,they,running,they_be_running,PronounPersonal,VerbPresentParticiple,PronounPersonal_be_VerbPresentParticiple,,,,,,,,,,,,,,,,,,,,,,,,,,,,,,,,,,,,,,,,,yeah,i,do,because,they,be ,running,,,,,,,,,,,,,,,,,,,,,,,,,,,,,,,,,,,,,,,
fe0309687,80,B,294.15,299.99,5.84,1,1,so that's why sometimes you see the flash girls they be with like the worse ,they,with,they_be_with,PronounPersonal,Preposition,PronounPersonal_be_Preposition,,,,,,,,,,,,,,,,,,,,,,,,,,,,,,,,,,,,so,that's,why,sometimes,you,see,the,flash,girls,they,be ,with,like,the,worse,,,,,,,,,,,,,,,,,,,,,,,,,,,,,,,,,,,,
fe0309778,142,A,448.71,452.14,3.43,1,1,yeah it be the comic ,it,comic,it_be_comic,PronounNonReferential,Noun,PronounNonReferential_be_Noun,,,,,,,,,,,,,,,,,,,,,,,,,,,,,,,,,,,,,,,,,,,,yeah,it,be ,the,comic,,,,,,,,,,,,,,,,,,,,,,,,,,,,,,,,,,,,,,
fe0309957,146,A,416.05,417.89,1.84,1,1,and i be seeing it every day ,i,seeing,i_be_seeing,PronounPersonal,VerbPresentParticiple,PronounPersonal_be_VerbPresentParticiple,,,,,,,,,,,,,,,,,,,,,,,,,,,,,,,,,,,,,,,,,,,,and,i,be ,seeing,it,every,day,,,,,,,,,,,,,,,,,,,,,,,,,,,,,,,,,,,,
fe0310000,45,A,112.76,116.56,3.8,1,1,'cause i hav- i done heard a lotta of my friends be saying you know ,lot,saying,lot_be_saying,Noun,VerbPresentParticiple,Noun_be_VerbPresentParticiple,,,,,,,,,,,,,,,,,,,,,,,,,,,,,,,,,,,'cause,i,hav-,i,done,heard,a,lotta,of,my,friends,be ,saying,you,know,,,,,,,,,,,,,,,,,,,,,,,,,,,,,,,,,,,,,
fe0310000,51,A,138.85,147.6,8.75,1,1,yep aha it's about um a past the haigie er jack benedine they be showing that different movie stars mr key used to play in it ,they,showing,they_be_showing,PronounPersonal,VerbPresentParticiple,PronounPersonal_be_VerbPresentParticiple,,,,,,,,,,,,,,,,,,,,,,,,,,,,,,,,,yep,aha,it's,about,um,a,past,the,haigie,er,jack,benedine,they,be ,showing,that,different,movie,stars,mr,key,used,to,play,in,it,,,,,,,,,,,,,,,,,,,,,,,,,,,,
fe0310000,118,A,332.66,342.62,9.96,1,1,know for other people you know and they be calling me and then i send them all wherever yo- where you at telephone where they at i just you know send 'em all out you know ,they,calling,they_be_calling,PronounPersonal,VerbPresentParticiple,PronounPersonal_be_VerbPresentParticiple,,,,,,,,,,,,,,,,,,,,,,,,,,,,,,,,,,,,,,know,for,other,people,you,know,and,they,be ,calling,me,and,then,i,send,them,all,wherever,yo-,where,you,at,telephone,where,they,at,i,just,you,know,send,'em,all,out,you,know,,,,,,,,,,,,,
fe0310001,117,A,294.98,297.88,2.9,1,1,i mostly be looking at gospel ,i,looking,i_be_looking,PronounPersonal,VerbPresentParticiple,PronounPersonal_be_VerbPresentParticiple,,,,,,,,,,,,,,,,,,,,,,,,,,,,,,,,,,,,,,,,,,,,i,mostly,be ,looking,at,gospel,,,,,,,,,,,,,,,,,,,,,,,,,,,,,,,,,,,,,
fe0310114,121,A,282.3,284.9,2.6,1,1,yeah 'cause they be sliding all over the place ,they,sliding,they_be_sliding,PronounPersonal,VerbPresentParticiple,PronounPersonal_be_VerbPresentParticiple,,,,,,,,,,,,,,,,,,,,,,,,,,,,,,,,,,,,,,,,,,,yeah,'cause,they,be ,sliding,all,over,the,place,,,,,,,,,,,,,,,,,,,,,,,,,,,,,,,,,,,
fe0310237,26,B,115.24,126.69,11.45,1,1,yeah because most of the time doing what they be doing  meeting all married people who got money and stuff and they like don't get along and and end up in divorce sometime they'll sometime they only stay 'gether long 'bout three months ,they,doing,they_be_doing,PronounPersonal,VerbPresentParticiple,PronounPersonal_be_VerbPresentParticiple,,,,,,,,,,,,,,,,,,,,,,,,,,,,,,,,,,,,,yeah,because,most,of,the,time,doing,what,they,be ,doing,meeting,all,married,people,who,got,money,and,stuff,and,they,like,don't,get,along,and,and,end,up,in,divorce,sometime,they'll,sometime,they,only,stay,'gether,long,'bout,three,months,,,,,,,
fe0310266,1,B,11.54,14.52,2.98,1,1,you be working out ,you,working,you_be_working,PronounPersonal,VerbPresentParticiple,PronounPersonal_be_VerbPresentParticiple,,,,,,,,,,,,,,,,,,,,,,,,,,,,,,,,,,,,,,,,,,,,,you,be ,working,out,,,,,,,,,,,,,,,,,,,,,,,,,,,,,,,,,,,,,,
fe0310266,4,B,14.66,15.48,0.82,1,1,it be working out ,it,working,it_be_working,PronounNonReferential,VerbPresentParticiple,PronounNonReferential_be_VerbPresentParticiple,,,,,,,,,,,,,,,,,,,,,,,,,,,,,,,,,,,,,,,,,,,,,it,be ,working,out,,,,,,,,,,,,,,,,,,,,,,,,,,,,,,,,,,,,,,
fe0310266,7,B,18.59,20.12,1.53,1,1,you be working out ,you,working,you_be_working,PronounPersonal,VerbPresentParticiple,PronounPersonal_be_VerbPresentParticiple,,,,,,,,,,,,,,,,,,,,,,,,,,,,,,,,,,,,,,,,,,,,,you,be ,working,out,,,,,,,,,,,,,,,,,,,,,,,,,,,,,,,,,,,,,,
fe0310266,36,B,62.02,63.68,1.66,1,1,hey you be watching that best in sport show ,you,watching,you_be_watching,PronounPersonal,VerbPresentParticiple,PronounPersonal_be_VerbPresentParticiple,,,,,,,,,,,,,,,,,,,,,,,,,,,,,,,,,,,,,,,,,,,,hey,you,be ,watching,that,best,in,sport,show,,,,,,,,,,,,,,,,,,,,,,,,,,,,,,,,,,
fe0310266,79,B,155.78,161.57,5.79,1,1,so what's up man y- you don't be working nothing you just like you know you just kicking back right now -cause you just got out the air force and like ,you,working,you_be_working,PronounPersonal,VerbPresentParticiple,PronounPersonal_be_VerbPresentParticiple,,,,,,,,,,,,,,,,,,,,,,,,,,,,,,,,,,,,,,,so,what's,up,man,y-,you,don't,be ,working,nothing,you,just,like,you,know,you,just,kicking,back,right,now,#NAME?,you,just,got,out,the,air,force,and,like,,,,,,,,,,,,,,,,,
fe0310266,93,B,187.35,189.89,2.54,1,1,yeah i be chasing them though there's all kinds of clubs and shit you know ,i,chasing,i_be_chasing,PronounPersonal,VerbPresentParticiple,PronounPersonal_be_VerbPresentParticiple,,,,,,,,,,,,,,,,,,,,,,,,,,,,,,,,,,,,,,,,,,,,yeah,i,be ,chasing,them,though,there's,all,kinds,of,clubs,and,shit,you,know,,,,,,,,,,,,,,,,,,,,,,,,,,,,
fe0310266,197,B,468.38,470.45,2.07,1,1,it's all good i be working at u.p.s. i mean you know ,i,working,i_be_working,PronounPersonal,VerbPresentParticiple,PronounPersonal_be_VerbPresentParticiple,,,,,,,,,,,,,,,,,,,,,,,,,,,,,,,,,,,,,,,,,,it's,all,good,i,be ,working,at,u.p.s.,i,mean,you,know,,,,,,,,,,,,,,,,,,,,,,,,,,,,,,,,,
fe0310277,99,B,220.52,223.08,2.56,1,1,baseball game to go that our son is be playing in ,son,playing,son_be_playing,Noun,VerbPresentParticiple,Noun_be_VerbPresentParticiple,,,,,,,,,,,,,,,,,,,,,,,,,,,,,,,,,,,,,,baseball,game,to,go,that,our,son,is,be ,playing,in,,,,,,,,,,,,,,,,,,,,,,,,,,,,,,,,,,,,,,
fe0310286,177,A,459.95,465.89,5.94,1,1,you know go to the store and people be looking at you you can feel people looking at you because um ,people,looking,people_be_looking,Noun,VerbPresentParticiple,Noun_be_VerbPresentParticiple,,,,,,,,,,,,,,,,,,,,,,,,,,,,,,,,,,,,,,you,know,go,to,the,store,and,people,be ,looking,at,you,you,can,feel,people,looking,at,you,because,um,,,,,,,,,,,,,,,,,,,,,,,,,,,,
fe0310306,76,A,268.39,273.01,4.62,1,1,'cause they be banging each other's heads and jumping on top of them and oh ,they,banging,they_be_banging,PronounPersonal,VerbPresentParticiple,PronounPersonal_be_VerbPresentParticiple,,,,,,,,,,,,,,,,,,,,,,,,,,,,,,,,,,,,,,,,,,,,'cause,they,be ,banging,each,other's,heads,and,jumping,on,top,of,them,and,oh,,,,,,,,,,,,,,,,,,,,,,,,,,,,
fe0310309,116,B,480.28,488.65,8.37,1,1,you got a lot of fight like a said there they be dodging people especially if you're a knock out artist they won't want to fight you you know but if ,they,dodging,they_be_dodging,PronounPersonal,VerbPresentParticiple,PronounPersonal_be_VerbPresentParticiple,,,,,,,,,,,,,,,,,,,,,,,,,,,,,,,,,,,you,got,a,lot,of,fight,like,a,said,there,they,be ,dodging,people,especially,if,you're,a,knock,out,artist,they,won't,want,to,fight,you,you,know,but,if,,,,,,,,,,,,,,,,,,,,,
fe0310332,144,B,530.89,534.4,3.51,1,1,you know sometimes this call seems like they be going longer than ten minutes ,they,going,they_be_going,PronounPersonal,VerbPresentParticiple,PronounPersonal_be_VerbPresentParticiple,,,,,,,,,,,,,,,,,,,,,,,,,,,,,,,,,,,,,,you,know,sometimes,this,call,seems,like,they,be ,going,longer,than,ten,minutes,,,,,,,,,,,,,,,,,,,,,,,,,,,,,,,,,,,
fe0310354,99,B,258.17,262.71,4.54,1,1,you know that follow the gangster they know all the balls and they be in there homes is at ,they,in,they_be_in,PronounPersonal,Preposition,PronounPersonal_be_Preposition,,,,,,,,,,,,,,,,,,,,,,,,,,,,,,,,,you,know,that,follow,the,gangster,they,know,all,the,balls,and,they,be ,in,there,homes,is,at,,,,,,,,,,,,,,,,,,,,,,,,,,,,,,,,,,,
fe0310428,23,B,50.14,60.54,10.4,1,1, so uh i feel like they ah they be trying to help people in america too though but 'cause they give certain people checks and everything ,they,trying,they_be_trying,PronounPersonal,VerbPresentParticiple,PronounPersonal_be_VerbPresentParticiple,,,,,,,,,,,,,,,,,,,,,,,,,,,,,,,,,,,,,,so,uh,i,feel,like,they,ah,they,be ,trying,to,help,people,in,america,too,though,but,'cause,they,give,certain,people,checks,and,everything,,,,,,,,,,,,,,,,,,,,,,,
fe0310489,108,B,290.95,296.3,5.35,1,1,all right now men be following women places man ,men,following,men_be_following,Noun,VerbPresentParticiple,Noun_be_VerbPresentParticiple,,,,,,,,,,,,,,,,,,,,,,,,,,,,,,,,,,,,,,,,,,all,right,now,men,be ,following,women,places,man,,,,,,,,,,,,,,,,,,,,,,,,,,,,,,,,,,,,
fe0310492,154,B,457.95,460.86,2.91,1,1,  so i don't be bothered  ,i,bothered,i_be_bothered,PronounPersonal,Adjective,PronounPersonal_be_Adjective,,,,,,,,,,,,,,,,,,,,,,,,,,,,,,,,,,,,,,,,,,,so,i,don't,be ,bothered,,,,,,,,,,,,,,,,,,,,,,,,,,,,,,,,,,,,,,,
fe0310495,20,B,72.16,78.33,6.17,1,1, it's down by pineywood not quite in pineywood i be confusing the name of the town  ,i,confusing,i_be_confusing,PronounPersonal,Adjective,PronounPersonal_be_Adjective,,,,,,,,,,,,,,,,,,,,,,,,,,,,,,,,,,,,,it's,down,by,pineywood,not,quite,in,pineywood,i,be ,confusing,the,name,of,the,town,,,,,,,,,,,,,,,,,,,,,,,,,,,,,,,,,,
fe0310495,96,B,312.94,318.14,5.2,1,1,get a person my boy- my boyfriend be beeping and i'm like hey ,boyfriend,beeping,boyfriend_be_beeping,Noun,VerbPresentParticiple,Noun_be_VerbPresentParticiple,,,,,,,,,,,,,,,,,,,,,,,,,,,,,,,,,,,,,,,get,a,person,my,boy-,my,boyfriend,be ,beeping,and,i'm,like,hey,,,,,,,,,,,,,,,,,,,,,,,,,,,,,,,,,,,
fe0310495,152,B,502,506.19,4.19,1,1, i know it has my hopes up sometimes i be expecting a call and then  ,i,expecting,i_be_expecting,PronounPersonal,VerbPresentParticiple,PronounPersonal_be_VerbPresentParticiple,,,,,,,,,,,,,,,,,,,,,,,,,,,,,,,,,,,,,i,know,it,has,my,hopes,up,sometimes,i,be ,expecting,a,call,and,then,,,,,,,,,,,,,,,,,,,,,,,,,,,,,,,,,,,
fe0310570,21,B,64.7,68.22,3.52,1,1,you know it's it be doing everyone a benefit and a favor ,it,doing,it_be_doing,PronounNonReferential,VerbPresentParticiple,PronounNonReferential_be_VerbPresentParticiple,,,,,,,,,,,,,,,,,,,,,,,,,,,,,,,,,,,,,,,,,,you,know,it's,it,be ,doing,everyone,a,benefit,and,a,favor,,,,,,,,,,,,,,,,,,,,,,,,,,,,,,,,,
fe0310574,105,B,328.74,330.78,2.04,1,1,why you be shy ,you,shy,you_be_shy,PronounPersonal,Adjective,PronounPersonal_be_Adjective,,,,,,,,,,,,,,,,,,,,,,,,,,,,,,,,,,,,,,,,,,,,why,you,be ,shy,,,,,,,,,,,,,,,,,,,,,,,,,,,,,,,,,,,,,,,
fe0310592,157,B,385.89,392.7,6.81,3,3,'cause sometime it be sitting on the shelf and it don't be it just don't be don't taste right   yeah ,it,don't,it_be_don't,PronounNonReferential,ConstituentBoundary,PronounNonReferential_be_ConstituentBoundary,,,,,,,,,,,,,,,,,,,,,,,,,,,,,,,'cause,sometime,it,be,sitting,on,the,shelf,and,it,don't,be,it,just,don't,be ,don't,taste,right,yeah,,,,,,,,,,,,,,,,,,,,,,,,,,,,,,,,,,,,
fe0310592,157,B,385.89,392.7,6.81,3,3,'cause sometime it be sitting on the shelf and it don't be it just don't be don't taste right   yeah ,it,it,it_be_it,PronounNonReferential,ConstituentBoundary,PronounNonReferential_be_ConstituentBoundary,,,,,,,,,,,,,,,,,,,,,,,,,,,,,,,,,,,'cause,sometime,it,be,sitting,on,the,shelf,and,it,don't,be ,it,just,don't,be,don't,taste,right,yeah,,,,,,,,,,,,,,,,,,,,,,,,,,,,,,,,
fe0310592,157,B,385.89,392.7,6.81,3,3,'cause sometime it be sitting on the shelf and it don't be it just don't be don't taste right   yeah ,it,sitting,it_be_sitting,PronounNonReferential,VerbPresentParticiple,PronounNonReferential_be_VerbPresentParticiple,,,,,,,,,,,,,,,,,,,,,,,,,,,,,,,,,,,,,,,,,,,'cause,sometime,it,be ,sitting,on,the,shelf,and,it,don't,be,it,just,don't,be,don't,taste,right,yeah,,,,,,,,,,,,,,,,,,,,,,,,
fe0310592,186,B,470.59,478.1,7.51,1,1,and there's some people be talking they forget to eat i'm like how can you forget to eat  yeah you ,people,talking,people_be_talking,Noun,VerbPresentParticiple,Noun_be_VerbPresentParticiple,,,,,,,,,,,,,,,,,,,,,,,,,,,,,,,,,,,,,,,,,,and,there's,some,people,be ,talking,they,forget,to,eat,i'm,like,how,can,you,forget,to,eat,yeah,you,,,,,,,,,,,,,,,,,,,,,,,,,
fe0310630,227,B,487.86,489.61,1.75,1,1,kind of cruel stuff they be doing on there ,they,doing,they_be_doing,PronounPersonal,VerbPresentParticiple,PronounPersonal_be_VerbPresentParticiple,,,,,,,,,,,,,,,,,,,,,,,,,,,,,,,,,,,,,,,,,kind,of,cruel,stuff,they,be ,doing,on,there,,,,,,,,,,,,,,,,,,,,,,,,,,,,,,,,,,,,,
fe0310753,120,A,500.63,514.77,14.14,1,1,and the way they tell you you know they way they tell that these jobs are it be like okay you go yeah 'cause in the paper you see oh you can work up to fifteen hours a day and you know well fifteen dollars an hour ,it,like,it_be_like,PronounNonReferential,QuotativeLike,PronounNonReferential_be_QuotativeLike,,,,,,,,,,,,,,,,,,,,,,,,,,,,,and,the,way,they,tell,you,you,know,they,way,they,tell,that,these,jobs,are,it,be ,like,okay,you,go,yeah,'cause,in,the,paper,you,see,oh,you,can,work,up,to,fifteen,hours,a,day,and,you,know,well,fifteen,dollars,an,hour,,,,,,,,,,,
fe0310756,125,B,509.73,523.17,13.44,1,1,i see that in the paper for low income housing they that's about the amount of money they be asking to give people low income housing so they can they can go apply for apartment like i couldn't go apply for that apartment because i make ,they,asking,they_be_asking,PronounPersonal,VerbPresentParticiple,PronounPersonal_be_VerbPresentParticiple,,,,,,,,,,,,,,,,,,,,,,,,,,,,i,see,that,in,the,paper,for,low,income,housing,they,that's,about,the,amount,of,money,they,be ,asking,to,give,people,low,income,housing,so,they,can,they,can,go,apply,for,apartment,like,i,couldn't,go,apply,for,that,apartment,because,i,make,,,,,,,,,,,,,
fe0310784,97,B,252.54,266.87,14.33,1,1, w- well checking your i. d. you say they say they say they eighteen years old i mean i mean i mean that ain't no problem i mea- you see we see that happen all the time like kid be going in them clubs and stuff with i.d. and say they are eighteen years old they are fourteen or fifteen years old ,kid,going,kid_be_going,Noun,VerbPresentParticiple,Noun_be_VerbPresentParticiple,,,,,,,w-,well,checking,your,i.,d.,you,say,they,say,they,say,they,eighteen,years,old,i,mean,i,mean,i,mean,that,ain't,no,problem,i,mea-,you,see,we,see,that,happen,all,the,time,like,kid,be ,going,in,them,clubs,and,stuff,with,i.d.,and,say,they,are,eighteen,years,old,they,are,fourteen,or,fifteen,years,old,,,,,,,,,,,,,,,,,,
fe0310861,197,A,456.4,468.94,12.54,1,1,i got to start doing what i got to do now and the work is out there you know the work is it's not always good like this you know the hours do- don't always be like this there's been a time when i was i was outta work for three months ,hours,like,hours_be_like,Noun,Preposition,Noun_be_Preposition,,,,,,,,,,,i,got,to,start,doing,what,i,got,to,do,now,and,the,work,is,out,there,you,know,the,work,is,it's,not,always,good,like,this,you,know,the,hours,do-,don't,always,be ,like,this,there's,been,a,time,when,i,was,i,was,outta,work,for,three,months,,,,,,,,,,,,,,,,,,,,,,,,
fe0310883,83,A,128.29,131.73,3.44,1,1,no see if you wear khakis all the time people be like wow that guys important ,people,like,people_be_like,Noun,QuotativeLike,Noun_be_QuotativeLike,,,,,,,,,,,,,,,,,,,,,,,,,,,,,,,,,,,,no,see,if,you,wear,khakis,all,the,time,people,be ,like,wow,that,guys,important,,,,,,,,,,,,,,,,,,,,,,,,,,,,,,,,,,,
fe0310921,174,A,350.9,352.77,1.87,1,1,and she be crying and grabbing ,she,crying,she_be_crying,PronounPersonal,VerbPresentParticiple,PronounPersonal_be_VerbPresentParticiple,,,,,,,,,,,,,,,,,,,,,,,,,,,,,,,,,,,,,,,,,,,,and,she,be ,crying,and,grabbing,,,,,,,,,,,,,,,,,,,,,,,,,,,,,,,,,,,,,
fe0311071,50,B,155.46,162.25,6.79,1,1,yeah so um what type wh- what type of topics do y'all be having like every day's like a different topic ,y'all,having,y'all_be_having,PronounPersonal,VerbPresentParticiple,PronounPersonal_be_VerbPresentParticiple,,,,,,,,,,,,,,,,,,,,,,,,,,,,,,,,,,yeah,so,um,what,type,wh-,what,type,of,topics,do,y'all,be ,having,like,every,day's,like,a,different,topic,,,,,,,,,,,,,,,,,,,,,,,,,,,,,,,,
fe0311071,67,B,203.51,207,3.49,1,1,mhm and y'all be cracking jokes and stuff like that  ,y'all,cracking,y'all_be_cracking,PronounPersonal,VerbPresentParticiple,PronounPersonal_be_VerbPresentParticiple,,,,,,,,,,,,,,,,,,,,,,,,,,,,,,,,,,,,,,,,,,,mhm,and,y'all,be ,cracking,jokes,and,stuff,like,that,,,,,,,,,,,,,,,,,,,,,,,,,,,,,,,,,,
fe0311071,125,B,336.69,344.77,8.08,1,1,yes and that's the main thing about having a job you you try to get a job that you like doing that you don't be bored with you know ,you,bored,you_be_bored,PronounPersonal,Adjective,PronounPersonal_be_Adjective,,,,,,,,,,,,,,,,,,,,,,yes,and,that's,the,main,thing,about,having,a,job,you,you,try,to,get,a,job,that,you,like,doing,that,you,don't,be ,bored,with,you,know,,,,,,,,,,,,,,,,,,,,,,,,,,,,,,,,,,,,
fe0311212,184,B,491.35,503.91,12.56,1,1,yeah yeah that's why i why i don't want to play with others uh i'm very small and ah i'm not very strong so  you know i usually be the loser  ,i,loser,i_be_loser,PronounPersonal,Noun,PronounPersonal_be_Noun,,,,,,,,,,,,,,,,,,yeah,yeah,that's,why,i,why,i,don't,want,to,play,with,others,uh,i'm,very,small,and,ah,i'm,not,very,strong,so,you,know,i,usually,be ,the,loser,,,,,,,,,,,,,,,,,,,,,,,,,,,,,,,,,,,,,,
fe0311281,112,B,329.34,332.58,3.24,1,1,and you sit there and think about it and i read and i be like man you know ,i,like,i_be_like,PronounPersonal,QuotativeLike,PronounPersonal_be_QuotativeLike,,,,,,,,,,,,,,,,,,,,,,,,,,,,,,,,,and,you,sit,there,and,think,about,it,and,i,read,and,i,be ,like,man,you,know,,,,,,,,,,,,,,,,,,,,,,,,,,,,,,,,,,,,
fe0311468,121,A,292.39,294.42,2.03,1,1,everybody everybody be off to they selves ,everybody,off,everybody_be_off,PronounIndefinite,Adverb,PronounIndefinite_be_Adverb,,,,,,,,,,,,,,,,,,,,,,,,,,,,,,,,,,,,,,,,,,,,everybody,everybody,be ,off,to,they,selves,,,,,,,,,,,,,,,,,,,,,,,,,,,,,,,,,,,,
fe0311468,137,A,350.45,359.58,9.13,1,1,and uh she said well i guess they didn't they don't come by i said mom you got to realize things have changed people be off into they selves like it i say for instance fourth of july ,people,off,people_be_off,Noun,Adverb,Noun_be_Adverb,,,,,,,,,,,,,,,,,,,,,,and,uh,she,said,well,i,guess,they,didn't,they,don't,come,by,i,said,mom,you,got,to,realize,things,have,changed,people,be ,off,into,they,selves,like,it,i,say,for,instance,fourth,of,july,,,,,,,,,,,,,,,,,,,,,,,,,,,
fe0311476,101,A,196.49,198.39,1.9,1,1,sometimes they be gone for like a whole year ,they,gone,they_be_gone,PronounPersonal,VerbPastParticiple,PronounPersonal_be_VerbPastParticiple,,,,,,,,,,,,,,,,,,,,,,,,,,,,,,,,,,,,,,,,,,,,sometimes,they,be ,gone,for,like,a,whole,year,,,,,,,,,,,,,,,,,,,,,,,,,,,,,,,,,,
fe0311497,139,A,396.3,402.89,6.59,2,1,see that you don't really be around i can't imagine anyone that i would be around   would even ,you,around,you_be_around,PronounPersonal,Adverb,PronounPersonal_be_Adverb,,,,,,,,,,,,,,,,,,,,,,,,,,,,,,,,,,,,,,,,,see,that,you,don't,really,be,around,i,can't,imagine,anyone,that,i,would,be ,around,would,even,,,,,,,,,,,,,,,,,,,,,,,,,,,,
fe0311518,41,A,160.17,166.21,6.04,2,1,i mean they be fighting above each other and everything i would be happier right where i'm at ,they,fighting,they_be_fighting,PronounPersonal,VerbPresentParticiple,PronounPersonal_be_VerbPresentParticiple,,,,,,,,,,,,,,,,,,,,,,,,,,,,,,,,,,,,,,,,,,,i,mean,they,be,fighting,above,each,other,and,everything,i,would,be ,happier,right,where,i'm,at,,,,,,,,,,,,,,,,,,,,,,,,,,
fe0311518,166,A,494.98,498.32,3.34,1,1,that you be talking about and stuff it's it's interesting i like it ,you,talking,you_be_talking,PronounPersonal,VerbPresentParticiple,PronounPersonal_be_VerbPresentParticiple,,,,,,,,,,,,,,,,,,,,,,,,,,,,,,,,,,,,,,,,,,,,that,you,be ,talking,about,and,stuff,it's,it's,interesting,i,like,it,,,,,,,,,,,,,,,,,,,,,,,,,,,,,,
fe0311635,148,B,371.57,374.14,2.57,1,1,they don't just be like hey let's blow up a plane ,they,like,they_be_like,PronounPersonal,QuotativeLike,PronounPersonal_be_QuotativeLike,,,,,,,,,,,,,,,,,,,,,,,,,,,,,,,,,,,,,,,,,,,they,don't,just,be ,like,hey,let's,blow,up,a,plane,,,,,,,,,,,,,,,,,,,,,,,,,,,,,,,,,
fe0311687,70,B,279.04,290.3,11.26,2,1,what we're talking supposed to be talking about outdo- outdoor activities and that is outdoor and racing and all that i as far as when it's cold and everything i don't be doing that you know i do indoor things and stuff so ,i,doing,i_be_doing,PronounPersonal,VerbPresentParticiple,PronounPersonal_be_VerbPresentParticiple,,,,,,,,,,,,,,,what,we're,talking,supposed,to,be,talking,about,outdo-,outdoor,activities,and,that,is,outdoor,and,racing,and,all,that,i,as,far,as,when,it's,cold,and,everything,i,don't,be ,doing,that,you,know,i,do,indoor,things,and,stuff,so,,,,,,,,,,,,,,,,,,,,,,,,,,,,,