File,Line,Speaker,UttStartTime,UttEndTime,UttLength,Content,InstancesCountPerLine,FeatureCountPerLine,WadaSNRMeade,WadaSNRRigal,NistSNRRigal,SyllableCount,SpeechRate
ATL_se0_ag1_f_03_1,501,ATL_int_01,699.0259,700.099,1.0731,And you've done one,1,0,6.49828215,6.18,6.25,4,3.727518405
ATL_se0_ag1_m_01_1,214,ATL_se0_ag1_m_01,298.0746,300.0073,1.9327,N- you done came to find some more shit.,1,1,12.18978636,11.84,12.25,9,4.656697884
ATL_se0_ag1_m_01_1,1035,ATL_se0_ag1_m_01,1460.7124,1463.0019,2.2895,"like everything is done with a purpose, you know what I'm saying.",1,0,15.92376891,15.73,6.75,16,6.98842542
ATL_se0_ag1_m_01_1,1312,ATL_se0_ag1_m_01,1887.0193,1890.3135,3.2942,"I mean like, for my ultimate, like, I'm done, I can chill out,",1,0,22.42808279,22.17,32.75,15,4.553457592
ATL_se0_ag1_m_01_1,1893,ATL_Int_01,2748.194,2749.5789,1.3849,I'm done with it by the end though,1,0,15.79528676,14.35,13.25,8,5.776590368
ATL_se0_ag1_m_02_1,342,ATL_se0_ag1_m_02,345.6324,349.2195,3.5871,"You know, some- certain things my parents done, you know, right or wrong,",1,0,20.15393106,17.84,6.5,15,4.181650916
ATL_se0_ag1_m_03_1,1359,ATL_se0_ag1_m_03,1522.6987,1526.3569,3.6582,"matriculated for me like that cause I've gained a lot of experience. I've done a lot, but",1,0,25.66814939,24.06,19.25,24,6.560603576
ATL_se0_ag1_m_03_1,1596,ATL_int_01,1819.257,1822.1597,2.9027,"I gave up on live, man. I'm- I'm assuming they done for.",1,0,19.85925393,16.3,10.75,14,4.823095738
ATL_se0_ag1_m_03_1,1979,ATL_se0_ag1_m_03,2229.8313,2236.0118,6.1805,"you a slob. You a- we started going at it, and next thing you know, I was like, you know what, fuck it. I ain't f- get away from me, like stop talk- we- we done.",1,0,18.21773702,17.93,10.0,39,6.31016908
ATL_se0_ag1_m_03_1,2091,ATL_se0_ag1_m_03,2361.6825,2364.6302,2.9477,"I'm like, come on, man, not agai- y'all done already jumped- come on, man.",1,1,26.00092645,25.58,22.75,15,5.088713234
ATL_se0_ag1_m_04_1,518,ATL_se0_ag1_m_04,704.0631,711.1425,7.0794,"i- it's- it's- it's no- it's n- it's not like I'm going into it saying like, ay, you got to have this done, or you got to have this done. It's more so me saying like,",2,0,7.383063211,7.33,6.75,40,5.650196344
ATL_se0_ag1_m_04_1,650,ATL_se0_ag1_m_04,873.7069,877.2424,3.5355,before they even realize what you got. And a lot of people- I done had people,1,1,9.301511102,9.2,4.5,22,6.222599349
ATL_se0_ag1_m_04_1,686,ATL_int_01,930.7423,934.9223,4.18,Hold up now cause I- I done been to a couple your shows. I haven't been to all of 'em,1,1,17.35378875,17.31,8.0,22,5.263157895
ATL_se0_ag1_m_04_2,245,ATL_int_01,335.5831,338.732,3.1489,"I mean, nobody had done been, um, coming to you tryna push that",1,1,12.36156444,12.08,4.75,17,5.398710661
ATL_se0_ag1_m_05_1,237,ATL_se0_ag1_m_05,354.6723,358.4102,3.7379,"talent shows, and, um, I've actually done some things for the basketball team,",1,0,9.992649429,9.91,5.0,17,4.54800824
ATL_se0_ag1_m_05_1,659,ATL_int_01,1028.3039,1029.7061,1.4022,I done did a few folks,1,1,17.52899969,16.09,6.0,6,4.278990158
ATL_se0_ag1_m_05_1,1080,ATL_se0_ag1_m_05,1640.326,1643.3616,3.0356,"uh, you done went out let's say a night after that as well too,",1,1,7.263524981,7.2,4.75,15,4.941362498
ATL_se0_ag2_f_01_1,932,ATL_se0_ag2_f_01,1300.6843,1307.9252,7.2409,"cause you walking all the time, you gotta look fresh, you have to have your fresh sneaker on, your fresh outfit on. If you're a girl, your hair have to be done, your nails gotta be done.",2,0,17.41315648,17.1,33.25,42,5.80038393
ATL_se0_ag2_m_01_1,593,ATL_se0_ag2_m_01,766.4818,769.6417,3.1599,"It gets rogue because you done depressed yourself so much,",1,1,12.06385498,11.98,8.0,13,4.114054242
ATL_se0_ag2_m_02_1,2059,ATL_int_01,2344.8628,2345.7682,0.9054,"Nah, I'm done man.",1,0,7.65286806,7.54,8.5,4,4.417936824
ATL_se0_ag2_m_02_1,2088,ATL_int_01,2380.5215,2382.638,2.1165,you more than welcome. We pretty much done hit,1,1,8.608713436,8.39,10.75,11,5.197259627
ATL_se0_ag2_m_03_1,124,ATL_se0_ag2_m_03,147.3255,149.5105,2.185,"and the damage that was done to the levee,",1,0,12.82877169,12.68,5.75,11,5.034324943
ATL_se0_ag2_m_03_1,221,ATL_int_01,262.1497,264.047,1.8973,"you was done with, um, s-",1,0,16.16050594,15.59,7.25,6,3.162388658
ATL_se0_ag2_m_03_1,370,ATL_se0_ag2_m_03,447.8173,451.7859,3.9686,you feel me. It's- it's a lot of people that done got influenced from Atlanta cause Atlanta was like,1,1,16.82197249,16.68,22.5,26,6.551428715
ATL_se0_ag2_m_03_1,492,ATL_int_01,604.3692,608.3481,3.9789,the Migos kind of just really highlighting some shit we done already known.,1,1,14.8076209,14.56,6.5,14,3.518560406
ATL_se0_ag2_m_03_1,687,ATL_se0_ag2_m_03,877.0895,880.8481,3.7586,"that weed, I done- I done got a little edge on that shit, you know what I mean, unless I'm'a just blow it",2,1,10.76966551,10.61,8.5,26,6.91746927
ATL_se0_ag2_m_03_1,1514,ATL_se0_ag2_m_03,1906.3866,1910.9121,4.5255,"l- let me call your auntie. Nigga, you supposed to know this shit. Bitch, you done went to- to the- to the mother fucking",1,1,22.07948841,21.94,7.25,29,6.408131698
ATL_se0_ag2_m_03_1,1784,ATL_se0_ag2_m_03,2282.5681,2285.1203,2.5522,"I done hit the blunt, like I don't feel that shit right now.",1,1,18.32945948,17.84,10.25,13,5.093644699
ATL_se0_ag2_m_03_1,2007,ATL_se0_ag2_m_03,2561.3532,2563.2079,1.8547,"oh, this nigga done played me, bruh.",1,1,22.97109539,22.89,35.25,8,4.313366043
ATL_se0_ag2_m_03_1,2141,ATL_se0_ag2_m_03,2748.1853,2752.7328,4.5475,"The street grind is strong, you feel me, but it all depend on how your street grind is. Now I seen niggas done blew",1,1,12.92370689,12.85,8.5,26,5.717427158
ATL_se0_ag2_m_03_1,2142,ATL_se0_ag2_m_03,2753.1078,2756.6034,3.4956,"off of that street grind shit, you feel me. I done seen niggas like, you know what I mean,",1,1,15.05594352,14.82,7.25,20,5.72147843
ATL_se0_ag2_m_03_1,2190,ATL_se0_ag2_m_03,2828.1548,2833.7475,5.5927,"I done s- I done- I done s- I done seen- I done heard your shit on a couple of niggas' shit, and niggas really wasn't spitting shit.",5,1,17.48430423,17.26,21.25,34,6.079353443
DCA_se1_ag1_f_02_1,1073,DCA_se1_ag1_f_02,1129.5122,1130.5894,1.0772,"um, my teacher done-",1,0,12.78337841,12.75,24.75,5,4.641663572
DCA_se1_ag1_f_02_1,1274,DCA_se1_ag1_f_02,1388.5287,1389.7737,1.245,cause I done holler at her back.,1,1,8.464406261,8.25,6.75,8,6.425702811
DCA_se1_ag1_f_02_1,1323,DCA_se1_ag1_f_02,1460.2396,1465.2791,5.0395,You done did all the work like you said. I did this. I did this. She won't let you read your library books or nothing.,1,1,13.35992396,13.32,29.5,28,5.556106757
DCA_se1_ag1_f_02_1,1445,DCA_se1_ag1_f_02,1611.5313,1612.3146,0.7833,She done make us-,1,1,25.47424528,25.21,30.5,4,5.106600281
DCA_se1_ag1_f_05_1,755,DCA_int_03,974.3747,977.0855,2.7108,Well how you gonna get your work done if you don't study? ,1,0,11.34304623,,,14,5.164527077
DCA_se1_ag1_f_05_1,1046,DCA_int_03,1351.8557,1355.7218,3.8661,you could have done in the past that you'd like to change- that you could do all over again differently?,1,0,7.826296478,7.44,9.25,25,6.466464913
DCA_se1_ag1_m_03_1,983,DCA_se1_ag1_m_03,1020.9801,1023.8758,2.8957,"Cause they had done got the ruby, and they had done put it back.",2,2,12.38505794,12.35,10.5,15,5.180094623
DCA_se1_ag1_m_03_1,1203,DCA_se1_ag1_m_03,1224.9988,1226.6215,1.6227,they done done in with Linc.,2,1,8.371842204,8.33,4.0,6,3.697541135
DCA_se1_ag1_m_03_1,1887,DCA_se1_ag1_m_03,1928.2624,1929.9644,1.702,"The sneakiest one I ever done,",1,0,12.24064541,12.15,24.0,6,3.525264395
DCA_se1_ag1_m_05_1,1012,DCA_se1_ag1_m_05,1588.4062,1590.5958,2.1896,did things that they shouldn't have done,1,0,4.089108643,4.03,4.25,8,3.653635367
DCA_se1_ag1_m_07_1,611,DCA_se1_ag1_m_07,811.767,815.7784,4.0114,"Cause you know, they made you get your work done, so you had to learn something when you leave there.",1,0,9.00785149,8.98,9.25,21,5.235080022
DCA_se1_ag2_m_01_1,579,DCA_se1_ag2_m_01,745.2891,747.1343,1.8452,"So what he done, he took the Ugly,",1,0,16.08819206,16.04,27.75,9,4.877520052
DCA_se1_ag3_f_01_1,1426,DCA_int_03,1822.0952,1824.9956,2.9004,would rather have done over again if you had the chance?,1,0,16.52939519,16.28,19.25,14,4.826920425
DCA_se1_ag3_f_01_1,1430,DCA_int_03,1828.6548,1829.8205,1.1657,you wish you had done.,1,0,12.55299693,12.37,13.0,5,4.289268251
DCA_se1_ag4_m_01_1,14,DCA_se1_ag4_m_01,19.5696,24.1672,4.5976,"One other game we played, I done forgot the name of it now. Uh..",1,1,10.46457416,10.44,7.25,16,3.480076562
DCA_se1_ag4_m_01_1,59,DCA_se1_ag4_m_01,94.2277,96.4049,2.1772,you done automatically won your points then.,1,1,22.09656147,22.05,20.5,11,5.05236083
DCA_se1_ag4_m_01_1,105,DCA_se1_ag4_m_01,179.8233,182.1523,2.329,"this crime story, but I done forgot the name of it!",1,1,19.82323291,19.75,13.5,13,5.581794762
DCA_se1_ag4_m_01_1,251,DCA_se1_ag4_m_01,407.3017,408.999,1.6973,"I done forgot the name of it, uh-",1,1,18.20657731,18.12,29.75,9,5.302539327
DCA_se1_ag4_m_02_1,1729,DCA_se1_ag4_m_02,2123.7649,2126.6289,2.864,"all my friends, my family, or whatever I've said or done",1,0,11.46460141,11.4,3.25,15,5.237430168
DCA_se2_ag1_f_04_1,887,DCA_se2_ag1_f_04,1240.6435,1245.7332,5.0897,"cause I think about all the year, all the things that I have done that's bad and good.",1,0,7.575274358,7.51,6.5,19,3.733029452
DCA_se2_ag1_f_05_1,466,DCA_se2_ag1_f_05,553.4887,559.2271,5.7384,"And I did something I shouldn't have done, and  he said he was gonna bust me on my lip, but then he changed his mind.",1,0,12.23963857,12.13,23.0,28,4.879408894
DCA_se2_ag1_f_07_1,316,DCA_se2_ag1_f_07,429.1759,430.1785,1.0026,"said had done it,",1,0,22.43935831,22.29,31.75,4,3.98962697
DCA_se2_ag1_f_07_1,951,DCA_se2_ag1_f_07,1214.4252,1223.2975,8.8723,"He know- He was- He- He knew- Well he had us for three years- He- knew we were bad and everything. And he realized- He- he knew we had done- You know, we had done that. He- he just kept us there. He was mad,",2,0,10.87682407,10.81,6.0,49,5.522806938
DCA_se2_ag1_f_07_1,960,DCA_se2_ag1_f_07,1233.6469,1240.2717,6.6248,"you know, individuals. He knew probably all us had done it cause all us had been together for three years, but he didn't take no, you know",1,0,15.36840098,15.23,9.25,36,5.434126313
DCA_se2_ag2_m_02_1,1635,DCA_se2_ag2_m_02,1925.3988,1927.25,1.8512,"don't interest me because I already done 'em, you know,",1,0,7.595430884,7.49,5.75,15,8.102852204
DCA_se2_ag2_m_02_1,2094,DCA_se2_ag2_m_02,2463.9173,2465.097,1.1797,"things that he never done before,",1,0,12.98546734,12.87,3.5,8,6.781385098
DCA_se2_ag2_m_03_1,713,DCA_se2_ag2_m_03,900.7712,901.2922,0.521,done for.,1,0,6.170136048,6.03,2.75,2,3.838771593
DCA_se2_ag2_m_03_1,2039,DCA_se2_ag2_m_03,2287.5894,2288.8144,1.225,what he had done and all th-,1,0,4.758689779,4.61,7.0,8,6.530612245
DCA_se2_ag2_m_03_1,2141,DCA_se2_ag2_m_03,2388.6266,2389.565,0.9384,would have done would-,1,0,10.93699979,10.86,13.25,4,4.262574595
DCA_se2_ag3_m_01_1,1497,DCA_se2_ag3_m_01,1536.3932,1541.974,5.5808,"from the lathe, slammed it in the floor, told me, that's wrong! And I don't want it done like that no more, you know.",1,0,13.60892768,13.52,11.0,24,4.300458716
DCA_se2_ag3_m_01_1,2578,DCA_se2_ag3_m_01,2724.9954,2730.399,5.4036,"you know, you don't have enough money to pay for it. You done order all this food up, you know, and you don't have enough money to pay for it.",1,1,8.495891556,8.4,6.0,35,6.477163373
DCA_se2_ag3_m_02_1,582,DCA_se2_ag3_m_02,686.3159,687.9246,1.6087,"whatever his name was, I done forgot his name.",1,1,18.86353967,18.61,13.25,12,7.459439299
DCA_se2_ag3_m_02_1,1109,DCA_se2_ag3_m_02,1322.6565,1324.7455,2.089,"where they would read it but they wouldn't know who done it, like",1,0,11.56500982,11.28,5.25,14,6.701771182
DCA_se2_ag3_m_03_1,1042,DCA_se2_ag3_m_03,1063.8726,1064.9851,1.1125,"something the child had done,",1,0,14.55546716,14.49,5.25,6,5.393258427
DCA_se3_ag1_f_03_1,366,DCA_se3_ag1_f_03,426.2971,426.6048,0.3077,done.,1,0,7.899530817,7.71,5.5,1,3.249918752
DCA_se3_ag1_f_03_1,371,DCA_se3_ag1_f_03,428.3907,430.5636,2.1729,"and if I- after I got my homework done,",1,0,7.372996158,7.31,5.0,11,5.062359059
DCA_se3_ag1_f_04_1,720,DCA_se3_ag1_f_04,781.5161,783.2441,1.728,She done holler at me all the time.,1,1,15.20053563,15.09,6.25,9,5.208333333
DCA_se3_ag1_m_02_1,451,DCA_se3_ag1_m_02,526.1232,527.2016,1.0784,"I've done my best,",1,0,7.244564916,7.11,10.5,4,3.709198813
DCA_se3_ag1_m_02_1,2033,DCA_se3_ag1_m_02,2216.6827,2217.8465,1.1638,I've done some- I've,1,0,14.84014769,14.69,22.25,4,3.43701667
DCA_se3_ag1_m_02_1,2035,DCA_se3_ag1_m_02,2218.6566,2220.2911,1.6345,done some advertise- I've uh,1,0,11.15527026,11.03,4.75,7,4.282655246
DCA_se3_ag1_m_02_1,2546,DCA_se3_ag1_m_02,2711.2359,2714.7042,3.4683,They've done as much as they can. The- Meaning the white man- They've done as much as they can.,2,0,10.01940192,9.98,5.5,20,5.766513854
DCA_se3_ag1_m_02_2,174,DCA_se3_ag1_m_02,172.6847,174.1546,1.4699,"what their ancestors have done,",1,0,10.22065132,10.13,6.25,7,4.762228723
DCA_se3_ag1_m_03_1,368,DCA_se3_ag1_m_03,421.6089,424.2316,2.6227,"about uh, what somebody say had done to him, he could think about",1,0,14.55337593,14.5,23.25,17,6.481869829
DCA_se3_ag1_m_03_1,944,DCA_se3_ag1_m_03,1127.1428,1131.2324,4.0896,"have to stand there, look at the whole problem for about five minutes before she can figure out what she's done wrong.",1,0,15.57834138,15.51,23.75,27,6.602112676
DCA_se3_ag1_m_04_1,72,DCA_se3_ag1_m_04,59.5786,62.7459,3.1673,most of- most of our playing was done in the alley behind our houses.,1,0,12.86428213,12.77,6.75,18,5.683073912
DCA_se3_ag1_m_04_1,2864,DCA_se3_ag1_m_04,2262.7202,2265.7492,3.029,there was no real damage done to the car I think his steering was,1,0,12.62862922,12.58,5.5,16,5.282271377
DCA_se3_ag1_m_05_1,1045,DCA_se3_ag1_m_05,1177.7947,1180.4013,2.6066,Then after you know I'd done my little bit for everybody ,1,0,15.2240692,15.16,16.75,16,6.138264406
DCA_se3_ag2_f_02_1,1006,DCA_se3_ag2_f_02,1536.5293,1537.6202,1.0909,that can be done,1,0,6.714111202,6.62,3.25,4,3.666697222
DCA_se3_ag2_f_03_1,1274,DCA_int_03,1503.352,1506.1929,2.8409,Is there anything that you feel that you would have done over again?,1,0,-1.835045657,-2.25,4.25,17,5.984019149
DCA_se3_ag2_f_03_1,1276,DCA_int_03,1507.1853,1508.3331,1.1478,That you wouldn't have done?,1,0,0.920405138,0.64,3.5,6,5.227391532
DCA_se3_ag2_f_03_1,1277,DCA_se3_ag2_f_03,1509.5287,1511.958,2.4293,"I can tell you something I would not have done,",1,0,5.728506547,5.62,7.5,11,4.528053349
DCA_se3_ag2_m_02_1,652,DCA_se3_ag2_m_02,796.39,798.1908,1.8008,I think that he could have done it another way.,1,0,1.877222743,1.71,6.5,12,6.66370502
DCA_se3_ag2_m_03_1,625,DCA_se3_ag2_m_03,783.659,786.4263,2.7673,mainly these things are done individually yeah.,1,0,12.60738447,12.52,10.5,12,4.336356738
DCA_se3_ag3_f_01_1,792,DCA_se3_ag3_f_01,1209.1749,1211.4624,2.2875,is done through correspondence.,1,0,7.076583066,7.01,6.5,7,3.06010929
DCA_se3_ag3_f_01_1,796,DCA_se3_ag3_f_01,1213.1925,1217.3605,4.168,and there are quite a few things to be done with these registrations,1,0,9.778783529,9.76,13.0,16,3.838771593
DCA_se3_ag3_f_01_1,810,DCA_se3_ag3_f_01,1237.0464,1240.0219,2.9755,quite a few things to be done. It's quite interesting work.,1,0,1.747503553,1.65,4.25,14,4.705091581
DCA_se3_ag3_m_01_1,1209,DCA_se3_ag3_m_01,1769.2965,1774.0012,4.7047,myself in a little different way. I might have done little more than he did. ,1,0,13.82167089,13.79,11.75,20,4.251068081
DCA_se3_ag3_m_03_1,509,DCA_se3_ag3_m_03,705.3386,709.3653,4.0267,"looking at this, not having done anything about it,  you know.",1,0,15.84341636,15.82,9.5,16,3.973477041
DCA_se3_ag3_m_03_1,517,DCA_se3_ag3_m_03,716.9458,719.3172,2.3714,know what it is that I haven't done today.,1,0,11.79493133,11.76,6.0,11,4.638610104
DCA_se3_ag4_m_01_1,1606,DCA_se3_ag4_m_01,2106.9695,2112.3258,5.3563,So it hasn't- what have to be done about it? Nothing. And the Look magazine has a ver- very good article in there I think on that.,1,0,15.38187414,15.25,8.5,35,6.534361406
DCA_se3_ag4_m_01_1,1985,DCA_se3_ag4_m_01,2636.7788,2638.1496,1.3708,"However, some fellas have done it,",1,0,18.95341045,18.68,16.5,9,6.565509192
DCA_se3_ag4_m_01_1,1989,DCA_se3_ag4_m_01,2641.4615,2643.1052,1.6437,I don't know that I could have done it because,1,0,23.03443477,22.76,28.75,11,6.692218775
DCA_se3_ag4_m_01_1,1995,DCA_se3_ag4_m_01,2647.3535,2648.6016,1.2481,done that very well.,1,0,22.08191311,21.53,30.0,5,4.006089256
DCA_se3_ag4_m_01_2,324,DCA_se3_ag4_m_01,417.1493,419.2145,2.0652,even s- a lot of us- being done,1,0,21.41739458,21.22,2.25,10,4.842146039
DCB_se1_ag1_f_01_1,307,DCB_se1_ag1_f_01,384.202,388.8302,4.6282,"Yeah, different organization- And we do interviews. We had to get- get the interviews done. We had to call 'em.",1,0,19.80345799,19.34,10.5,30,6.482001642
DCB_se1_ag1_f_01_1,1094,DCB_int_01,1324.7892,1327.0076,2.2184,"So it seems like you've done a lot of work with kids,",1,0,24.64115919,22.76,27.25,12,5.409304003
DCB_se1_ag1_f_02_1,486,DCB_se1_ag1_m_05,647.3986,648.6933,1.2947,Get all my work done.,1,0,19.9679125,19.62,28.0,5,3.861898509
DCB_se1_ag1_f_02_1,556,DCB_se1_ag3_m_01,737.8734,739.8302,1.9568,be done to make school safer for,1,0,11.27560746,10.61,10.75,8,4.088307441
DCB_se1_ag1_f_02_1,632,DCB_se1_ag1_m_04,848.2871,853.1127,4.8256,"g- getting your work done, getting your grades done, doing an- any- any and everything",2,0,17.29526879,16.88,4.25,22,4.559018568
DCB_se1_ag1_f_02_1,1005,DCB_se1_ag1_f_02,1338.5169,1340.475,1.9581,if you got- just got something done,1,0,14.40735928,14.11,8.0,8,4.085593177
DCB_se1_ag1_f_02_1,1035,DCB_se1_ag1_f_02,1368.0392,1372.3246,4.2854,Yeah like they just got they eyebrows done like my eyebrows on fleek.,1,0,18.76456055,18.66,38.5,14,3.26690624
DCB_se1_ag1_f_03_1,519,DCB_int_01,713.3519,714.9032,1.5513,"Okay, Miss RD-NAME-2 need her hair done.",1,0,13.80605559,13.26,6.25,7,4.512344485
DCB_se1_ag1_f_03_1,1711,DCB_se1_ag1_f_03,2286.4214,2288.4709,2.0495,"I fel- I was just like, RD-NAME-1, I'm really done.",1,0,13.96602376,13.69,20.5,10,4.879238839
DCB_se1_ag1_f_03_1,1713,DCB_se1_ag1_f_03,2288.7844,2290.2946,1.5102,"I'm really done, I'm really done, like.",2,0,11.57427985,11.23,7.0,9,5.959475566
DCB_se1_ag1_f_03_1,1766,DCB_se1_ag1_f_03,2346.0062,2346.3904,0.3842,I'm done.,1,0,9.56894995,8.99,2.0,2,5.205622072
DCB_se1_ag1_f_03_1,1770,DCB_se1_ag1_f_03,2349.3636,2349.7512,0.3876,I'm done.,1,0,19.62505948,19.34,11.0,2,5.15995872
DCB_se1_ag1_f_03_1,1776,DCB_se1_ag1_f_03,2358.8008,2361.7267,2.9259,"And you took it for granted, so therefore we're done, I'm not talking to you. Like,",1,0,17.77990922,17.17,4.75,19,6.493728425
DCB_se1_ag1_f_03_1,2146,DCB_int_01,2856.827,2859.362,2.535,"Um, we're almost done. We- sorry we got distracted.",1,0,23.03058859,22.97,34.0,13,5.128205128
DCB_se1_ag1_m_03_1,1894,DCB_se1_ag1_m_03,1805.2518,1810.17,4.9182,"my friends like, we just be laughing. Like we have a ball in every class, and then like, we still get our work done. Like,",1,0,15.64808991,15.42,9.75,28,5.693139767
DCB_se1_ag1_m_03_1,2621,DCB_se1_ag1_m_03,2451.3369,2453.3909,2.054,it's some fakes out there that haven't even done nothing.,1,0,19.20542104,18.18,17.25,13,6.329113924
DCB_se1_ag2_f_02_1,769,DCB_se1_ag2_f_02,1154.0695,1159.9135,5.844,"So it's like, I won't be working this summer, I won't be in school, and it's just like, I haven't done that in so long like, what am I gonna be doing?",1,0,11.93365508,11.39,10.5,37,6.331279945
DCB_se1_ag2_f_02_1,1574,DCB_se2_ag2_f_01,2321.2795,2323.4542,2.1747,"I'm just terrified, I'm just done, like- ",1,0,12.09925651,11.95,8.25,9,4.138501862
DCB_se1_ag2_f_02_1,1750,DCB_int_01,2567.1505,2572.4364,5.2859,"What's something that you wanna do like that's a- that you haven't done that you think, oh I've gotta do that before I-",1,0,10.65202432,9.96,8.75,28,5.297111183
DCB_se1_ag2_f_02_1,2158,DCB_se1_ag2_f_02,3149.8151,3151.5991,1.784,"Like people done got killed at go gos,",1,1,11.32156972,10.81,5.5,9,5.044843049
DCB_se1_ag2_f_02_1,2319,DCB_se1_ag2_f_02,3395.0722,3396.6651,1.5929,"Oh, I never done that either.",1,0,7.945546047,7.74,4.25,8,5.022286396
DCB_se1_ag2_f_02_1,2330,DCB_int_01,3412.215,3417.2364,5.0214,"I did that one before, I've done the one- the little duck boat where you g- where it goes down Potomac.",1,0,11.18990776,10.71,7.5,25,4.978691202
DCB_se1_ag2_f_02_1,2332,DCB_int_01,3417.7114,3422.2605,4.5491,"Um, I've done the night- the night one is the best, I think that's the prettiest one.",1,0,9.785683547,9.11,5.25,19,4.176650326
DCB_se1_ag2_f_02_1,2334,DCB_int_01,3422.5757,3425.8258,3.2501,"Um, I haven't done the dinner cruise but I've done the lunch cruise,",2,0,13.33624384,12.2,6.0,15,4.615242608
DCB_se1_ag2_f_03_1,2100,DCB_int_01,2889.391,2893.0158,3.6248,"witnessed the change? Well, I guess in your lifetime they've done a lot of changing.",1,0,19.12738557,18.32,22.25,18,4.965791216
DCB_se1_ag2_m_01_1,258,DCB_se1_ag2_m_01,385.6074,386.8599,1.2525,she done got honor roll since,1,1,21.92020767,20.88,23.75,7,5.588822355
DCB_se1_ag2_m_01_1,433,DCB_int_01,618.4536,622.443,3.9894,"what has been- okay, in your eyes what has been the most romantic thing that you've done for her?",1,0,16.4088585,15.83,11.25,22,5.514613726
DCB_se1_ag2_m_01_1,434,DCB_se1_ag2_m_01,623.4429,625.8345,2.3916,The rost romantic thing that I've done for her?,1,0,14.25112989,13.37,5.75,11,4.599431343
DCB_se1_ag2_m_01_1,442,DCB_se1_ag2_m_01,636.2518,638.4675,2.2157,I don't- I done did a couple of romantic things.,1,1,13.94288262,13.48,8.0,13,5.867220292
DCB_se1_ag2_m_01_1,448,DCB_se1_ag2_m_01,647.523,648.7585,1.2355,See well I can't- she done did that.,1,1,14.88857141,13.84,13.5,8,6.475111291
DCB_se1_ag2_m_01_1,469,DCB_int_01,680.2729,682.5729,2.3,"Mm-hm, what's the most romantic thing she's done for you?",1,0,13.23695511,12.41,12.5,11,4.782608696
DCB_se1_ag2_m_01_1,1294,DCB_int_01,1767.3373,1768.6813,1.344,Nobody else has done that in his-,1,0,7.230144034,7.11,6.5,9,6.696428571
DCB_se1_ag2_m_01_1,2033,DCB_se1_ag2_m_01,2743.4839,2745.3639,1.88,"I been- I been this, I've done this.",1,0,15.67192407,15.52,28.0,8,4.255319149
DCB_se1_ag2_m_01_1,2741,DCB_se1_ag2_m_01,3743.4447,3749.9417,6.497,"you understand that this shit this woman done did for me like she did so much shit for me like and I just grow to appreciate it, you know what I'm saying. Like at first,",1,1,13.82729169,13.03,12.75,42,6.464522087
DCB_se1_ag2_m_01_1,3039,DCB_se1_ag2_m_01,4144.7412,4147.9359,3.1947,Every time I get around you I'm thinking about how you done hung my ancestors.,1,1,20.48142056,20.29,30.0,22,6.886405609
DCB_se1_ag2_m_01_1,3126,DCB_se1_ag2_m_01,4265.6561,4269.7708,4.1147,"You done bust out with something exclusive, you got a brand new ass blue shirt on now.",1,1,21.99988966,21.68,20.75,20,4.860621674
DCB_se1_ag2_m_02_1,180,DCB_se1_ag2_m_02,222.1131,223.7922,1.6791,"like I done seen it in myself,",1,1,10.57021569,10.05,6.5,8,4.76445715
DCB_se1_ag2_m_02_2,367,DCB_se1_ag2_m_02,515.5117,517.0977,1.586,confused they done had us,1,1,10.01302942,9.69,2.25,6,3.783102144
DCB_se1_ag2_m_03_1,165,DCB_se1_ag2_m_03,247.8627,250.7054,2.8427,"equipment, you know, to get the, you know, big jobs done, but",1,0,14.409845,13.04,9.25,14,4.924895346
DCB_se1_ag2_m_03_1,179,DCB_se1_ag2_m_03,268.7822,269.98,1.1978,"You know, I'm'a get the job done.",1,0,13.138559,11.4,11.25,8,6.678911337
DCB_se1_ag2_m_03_1,314,DCB_se1_ag2_m_03,489.7512,495.3675,5.6163,"what the situation is or what needs to be done, it's no- You know, family's first and, you know, just gotta get the job done and,",2,0,13.00475139,11.95,6.5,32,5.697701334
DCB_se1_ag3_f_01_1,912,DCB_se1_ag3_f_01,1243.1823,1243.563,0.3807,done-,1,0,10.32463351,10.3,20.0,1,2.626740215
DCB_se1_ag3_f_01_1,1920,DCB_se1_ag3_f_01,2560.1621,2561.8641,1.702,It's things that you should have done better.,1,0,20.11969111,18.92,5.0,9,5.287896592
DCB_se1_ag3_f_01_1,1976,DCB_int_01,2629.1985,2632.4999,3.3014,I mean- I mean we're almost done. Can- Thank you. Thank you. It's not your turn.,1,0,18.76873009,17.62,26.75,17,5.149330587
DCB_se1_ag3_f_01_1,2311,DCB_int_01,3031.9586,3032.4761,0.5175,You're done?,1,0,34.90854801,31.88,32.25,2,3.8647343
DCB_se1_ag3_f_01_1,2327,DCB_se1_ag3_f_01,3053.2587,3056.9005,3.6418,"Well next time, you're gonna have to have a cerclage done. I said, there will be no next time.",1,0,23.46395513,21.62,20.25,21,5.766379263
DCB_se1_ag3_f_02_2,438,DCB_se1_ag3_f_02,587.168,588.7496,1.5816,Trying to get them book works done.,1,0,28.38712905,26.57,6.0,8,5.058168943
DCB_se1_ag3_m_01_1,1701,DCB_int_01,2349.2959,2350.5865,1.2906,or something they've done,1,0,9.941460393,9.36,2.25,5,3.874167054
DCB_se1_ag3_m_01_1,1711,DCB_int_01,2363.7594,2365.374,1.6146,"What's something they've done towards you, like",1,0,8.827464986,8.59,7.25,9,5.574136009
DCB_se1_ag3_m_02_1,232,DCB_se1_ag3_m_02,289.6276,293.4626,3.835,"I would s- for me, for my age and what I done picked up off it,",1,1,19.52196289,19.36,7.0,16,4.172099087
DCB_se1_ag3_m_02_1,386,DCB_se1_ag3_m_02,537.9699,540.1189,2.149,"I done lived in DC probably about,",1,1,15.01990134,13.85,11.0,11,5.118659842
DCB_se1_ag3_m_02_1,727,DCB_se1_ag3_m_01,1019.4675,1021.2102,1.7427,done when you were younger that you've carried,1,0,15.0260162,13.76,11.5,10,5.738222299
DCB_se1_ag3_m_02_2,231,DCB_se1_ag3_m_02,355.9918,357.1363,1.1445,I done been-,1,0,9.132715153,9.03,4.25,3,2.621231979
DCB_se1_ag3_m_02_2,232,DCB_se1_ag3_m_02,357.4537,358.9784,1.5247,I done been to every,1,1,19.32728574,19.2,9.25,7,4.591067095
DCB_se1_ag3_m_02_2,234,DCB_se1_ag3_m_02,359.3626,363.3372,3.9746,game that I like I done been to one except DC United game.,1,1,15.38604309,15.09,9.5,17,4.277159966
DCB_se1_ag3_m_02_2,254,DCB_se1_ag3_m_01,390.6116,391.9862,1.3746,have y'all done like-,1,0,10.49011099,10.4,20.5,4,2.909937436
DCB_se1_ag3_m_03_1,1107,DCB_se1_ag3_m_03,1947.8912,1951.6023,3.7111,"thought about getting a couple trades or whatever, but just haven't done that yet.",1,0,24.60185577,23.35,20.75,20,5.389237692
DCB_se1_ag3_m_03_1,1288,DCB_se1_ag3_m_03,2225.6663,2228.9069,3.2406,So anybody who- who's done that is an inspiration to me.,1,0,26.43364368,24.66,20.5,17,5.245942109
DCB_se1_ag3_m_03_1,1345,DCB_se1_ag3_m_01,2316.9216,2320.3059,3.3843,"But then when you start doing research, you find out, ain't done near nothing,",1,0,23.22696272,20.27,10.75,17,5.023195343
DCB_se1_ag3_m_03_1,1348,DCB_se1_ag3_m_03,2320.8555,2324.7601,3.9046,Yeah they ain't done shit but took every motherfucking thing and put they name on the shit.,1,0,22.24568723,21.97,9.75,22,5.634379962
DCB_se1_ag3_m_03_1,1469,DCB_se1_ag3_m_03,2525.0347,2526.1099,1.0752,"I just haven't done it yet,",1,0,33.65213995,30.63,20.5,7,6.510416667
DCB_se1_ag3_m_03_1,1872,DCB_se1_ag3_m_03,3150.5316,3157.0488,6.5172,"Donald Trump not our President, rioting and shit. What the fuck are you rioting for? He haven't even done anything",1,0,27.50307373,25.72,20.0,31,4.756643958
DCB_se1_ag4_f_01_1,50,DCB_se1_ag4_f_01,39.3426,41.9198,2.5772,They done tore it down but the building is still there.,1,1,19.74908066,19.54,17.75,12,4.656216048
DCB_se1_ag4_f_01_2,1000,DCB_se1_ag4_f_01,1157.0973,1161.6499,4.5526,"So y- it's not like you can't tell me nothing but if I'm telling you something that I done been through,",1,1,24.52245039,24.22,22.75,24,5.271712867
DCB_se1_ag4_f_01_2,1407,DCB_se1_ag4_f_01,1628.1107,1629.1267,1.016,it done got worse.,1,1,30.02493408,28.34,22.5,4,3.937007874
DCB_se1_ag4_f_01_2,1488,DCB_se1_ag4_f_01,1721.6557,1724.9332,3.2775,"Sometime I go- Yeah I done been to the capital I mean,",1,1,22.71209313,21.83,19.25,15,4.576659039
DCB_se1_ag4_m_01_1,3072,DCB_se1_ag4_m_01,3555.3065,3559.6463,4.3398,"Next three years, twenty-five hundred dollars you know, they- they done haven't taken advantage of that you know, so.",1,1,15.80875072,15.45,7.75,24,5.530208765
DCB_se1_ag4_m_01_1,3349,DCB_se1_ag4_m_01,3864.9532,3866.8299,1.8767,"you know, and he's not done with me. A lot of people say,",1,0,15.06382783,14.96,14.5,14,7.459903021
DCB_se1_ag4_m_02_1,409,DCB_se1_ag4_m_02,589.6227,592.5363,2.9136,But they taking pistols. They done- they done- they done changed that whole crime.,3,1,15.04383328,14.41,4.0,16,5.491488193
DCB_se1_ag4_m_02_1,1215,DCB_se1_ag4_m_02,1627.0847,1630.8587,3.774,"and RD-SCHOOL-2- uh, tried to get on RD-SCHOOL-2 team, but they done told me I couldn't play for both.",1,1,22.59898047,21.44,6.25,18,4.769475358
DCB_se1_ag4_m_02_1,1606,DCB_se1_ag3_m_01,2155.283,2156.274,0.991,You done put in your work.,1,1,49.87410274,34.43,12.0,6,6.054490414
DCB_se1_ag4_m_02_1,1770,DCB_se1_ag4_m_02,2366.2428,2371.6865,5.4437,"I'm just- I'm determined- yeah I'm determined- I'm determined to make it. It- you know, I done made it- I made it this far, you know, that's what I'm saying.",1,1,13.4589575,13.3,9.0,37,6.796847732
DCB_se1_ag4_m_02_1,1773,DCB_se1_ag4_m_02,2372.1685,2373.4391,1.2706,I done made it to sixty seven.,1,1,20.39197694,20.0,19.75,9,7.083267748
DCB_se1_ag4_m_02_1,1847,DCB_se1_ag4_m_02,2455.3153,2458.4885,3.1732,"Shit, so I done said- , I walked- no matter where to we have.",1,1,30.23985713,28.47,21.75,14,4.411950082
DCB_se2_ag1_f_01_1,843,DCB_int_01,866.4536,870.8153,4.3617,"Gotcha. Okay, so now let's go up to middle school cause we done with-",1,0,21.24243558,20.36,4.5,17,3.897562877
DCB_se2_ag1_f_01_1,1525,DCB_int_01,1688.1761,1689.3877,1.2116,That was it? You were done.,1,0,16.94736356,16.89,23.0,6,4.952129416
DCB_se2_ag1_f_01_1,1528,DCB_se2_ag1_f_01,1689.2731,1690.3922,1.1191," Yeah, I was done.",1,0,18.04520953,18.02,12.0,4,3.574300777
DCB_se2_ag1_f_01_1,1830,DCB_se2_ag1_f_01,2054.9415,2057.2532,2.3117,I was getting d- after I got my hair done.,1,0,23.96896738,22.91,13.0,12,5.190984989
DCB_se2_ag1_f_01_1,1832,DCB_se2_ag1_f_01,2057.3884,2058.7686,1.3802,"I went to go get my hair done,",1,0,13.1801446,12.67,11.25,8,5.796261411
DCB_se2_ag1_f_01_1,1849,DCB_se2_ag1_f_01,2075.9573,2079.1933,3.236,"If I woulda never got my hair done, we probably woulda never moved over there.",1,0,16.24328231,15.69,12.5,22,6.798516687
DCB_se2_ag1_f_01_1,2322,DCB_int_01,2633.6986,2635.7445,2.0459,So have you done your ACTs or SATs?,1,1,16.13218322,14.99,25.0,7,3.421477101
DCB_se2_ag1_f_01_1,2617,DCB_int_01,2987.0555,2988.4497,1.3942,"But you did go get your hair done, so.",1,0,11.06754563,10.58,7.5,9,6.455314876
DCB_se2_ag1_m_01_1,1100,DCB_se2_ag1_m_01,1334.2385,1337.4517,3.2132,"The resources that we have here, like the computers to get homework done is",1,0,17.90309424,17.87,9.0,19,5.913108428
DCB_se2_ag1_m_01_1,1600,DCB_se2_ag1_m_01,1883.4316,1884.6289,1.1973,haven't done a backflip in like,1,0,14.74254104,14.52,6.75,6,5.01127537
DCB_se2_ag1_m_01_1,2305,DCB_se2_ag1_m_01,2651.9466,2652.9741,1.0275,"We haven't done that yet,",1,0,13.1392834,13.09,20.75,6,5.839416058
DCB_se2_ag1_m_01_1,2638,DCB_se2_ag1_m_01,3038.6232,3041.1237,2.5005,he's done battle rap but he's not a battle rapper.,1,0,14.52787538,14.5,7.0,13,5.198960208
DCB_se2_ag2_f_01_1,1393,DCB_int_01,2014.5494,2017.9242,3.3748,"do you feel like you too loc- Like, why haven't you done the monuments?",1,0,39.57847226,35.79,16.25,17,5.037335546
DCB_se2_ag2_f_01_1,1395,DCB_int_01,2019.048,2022.9823,3.9343,"And not to say- I mean, cause some- Like there are things in my hometown that I haven't done.",1,0,20.9790757,20.13,22.25,21,5.33767125
DCB_se2_ag2_f_02_1,2692,DCB_se2_ag2_f_02,2826.7582,2830.2682,3.51,"I could see myself moving back to Southeast if- We know, once they're done cause",1,0,28.93003732,27.98,28.25,18,5.128205128
DCB_se2_ag2_f_02_1,2824,DCB_se2_ag2_f_02,2998.6187,2999.1456,0.5269,they're done.,1,0,28.86118603,27.76,24.75,2,3.795786677
DCB_se2_ag2_f_02_1,2828,DCB_se2_ag2_f_02,3003.7048,3008.917,5.2122,"things that I never knew. Like I- Literally seeing so many black people that have done so many positive things for their lives,",1,0,24.32783533,23.81,15.25,33,6.331299643
DCB_se2_ag2_m_01_1,1561,DCB_int_01,2057.8328,2061.0223,3.1895,"Have you done any of the other stuff? Like the monuments,",1,0,25.0798513,22.71,28.5,15,4.702931494
DCB_se2_ag2_m_01_1,2153,DCB_int_01,2809.741,2810.1507,0.4097,You're done?,1,0,17.6712765,17.08,17.75,2,4.881620698
DCB_se2_ag3_f_01_1,1081,DCB_se2_ag3_f_01,1481.5271,1486.0357,4.5086,"coming from the neighborhood that I came from, joining the military, that's just what I've always done was give back.",1,0,9.375458789,9.18,4.25,28,6.210353547
DCB_se2_ag3_f_01_1,1225,DCB_se2_ag3_f_01,1685.2235,1689.461,4.2375,they recognized the things that I had done in the past which is why they offered me the position.,1,0,7.363437186,7.16,3.75,24,5.663716814
DCB_se2_ag3_f_02_1,1030,DCB_se2_ag3_f_02,1720.7837,1727.8981,7.1144,That is the way that it is done. People that don't understand economics fall to the bottom of the list.,1,0,20.8836515,20.38,6.5,27,3.795119757
DCB_se2_ag3_f_02_1,1160,DCB_se2_ag3_f_02,1887.9262,1895.2575,7.3313,"Cause she aksed me and I was like, you know what, I don't know anything about that, I'm gonna let you talk to, uh, your gran- your great-grandmother over there cause she's done it",1,0,15.68911005,15.35,10.0,38,5.183255357
DCB_se2_ag3_f_02_1,1348,DCB_se2_ag3_f_02,2125.3189,2126.827,1.5081,"You know, what's done is done.",2,0,24.48409974,23.89,10.5,6,3.978516014
DCB_se2_ag3_f_02_1,2131,DCB_se2_ag3_f_02,3232.4862,3239.8441,7.3579,"And matter of fact I've done a couple weddings where the caterer has been a diva, but in this particular case, the- the caterer was like, really, really upsetting.",1,0,18.46835641,18.0,9.0,44,5.97996711
DCB_se2_ag3_m_01_1,1547,DCB_int_01,1865.1608,1869.7663,4.6055,"listens. And she said you could have said everything else under the sun but when you said that, it was done.",1,0,19.86281215,18.81,17.75,25,5.428292259
DCB_se2_ag3_m_01_1,2997,DCB_se2_ag3_m_01,3723.7392,3726.1453,2.4061,"done all sorts of stuff all over the place, but",1,0,23.73439083,23.25,18.0,11,4.571713561
DCB_se2_ag3_m_01_1,3732,DCB_se2_ag3_m_01,4661.5744,4665.4269,3.8525,because listening is not just done with your- You have to listen with your whole body.,1,0,37.27275903,29.35,13.25,21,5.45100584
DCB_se2_ag3_m_02_1,1633,DCB_se2_ag3_m_02,1388.8162,1390.9865,2.1703,"Just was done. I was like, I'm fucking through with this shit.",1,0,19.95655266,18.45,13.25,13,5.989955306
DCB_se2_ag4_f_01_1,80,DCB_int_01,96.9134,97.9579,1.0445,done everything-,1,0,16.63315569,16.25,24.0,4,3.829583533
DCB_se2_ag4_f_01_1,1178,DCB_se2_ag4_f_01,1471.6535,1473.7145,2.061,"Well, so I done survived, and I got 'em through s-",1,1,30.51071003,30.32,31.75,12,5.822416303
DCB_se2_ag4_f_01_1,2543,DCB_se2_ag4_f_01,3200.1825,3205.4504,5.2679,"they have um, done- They've done a documentary on hand dancing in DC and the cultural of it.",2,0,32.56492051,29.39,20.25,26,4.935553067
DCB_se2_ag4_f_01_1,2627,DCB_se2_ag4_f_01,3296.341,3300.4712,4.1302,"You get close, but it's su- It's done in such a way that it's very",1,0,28.60903004,25.33,7.25,17,4.116023437
DCB_se2_ag4_f_01_1,2870,DCB_int_01,3573.0508,3575.7634,2.7126,Do you- Have you done the- Have you been a tourist? Or have you-,1,0,17.17909475,15.92,7.0,15,5.529750055
DCB_se2_ag4_f_01_1,3026,DCB_se2_ag4_f_01,3785.0453,3786.4768,1.4315,that you done moved everybody out.,1,1,15.07382539,14.54,11.75,9,6.287111422
DCB_se2_ag4_f_01_1,3028,DCB_se2_ag4_f_01,3786.7986,3789.3445,2.5459,"And you done put bikes on every corner and all of that, and",1,1,18.7314787,17.9,5.5,16,6.284614478
DCB_se2_ag4_f_01_1,3029,DCB_se2_ag4_f_01,3789.6383,3794.328,4.6897,you done put these- ap- overgrown these streets with apartment buildings and condos and,1,1,22.0761764,20.76,7.0,20,4.264665117
DCB_se2_ag4_f_02_1,1610,DCB_se2_ag4_f_02,1645.7641,1647.773,2.0089,One thing that I've done constantly-,1,0,30.22830205,28.49,9.25,8,3.982278859
DCB_se2_ag4_f_02_1,1892,DCB_se2_ag4_f_02,1942.4367,1945.566,3.1293,it gave me respect because it's something else I had done an-,1,0,27.40799476,25.81,6.25,15,4.793404276
DCB_se2_ag4_f_02_1,1899,DCB_int_01,1948.6913,1949.2876,0.5963,Could be done?,1,0,9.26838042,8.49,6.25,3,5.031024652
DCB_se2_ag4_f_02_1,2039,DCB_se2_ag4_f_02,2092.0675,2093.2601,1.1926,because I had done my-,1,0,18.10088623,17.7,8.25,6,5.031024652
DCB_se2_ag4_f_02_1,2316,DCB_int_01,2351.6325,2352.5245,0.892,"And you were like, I'm done.",1,0,22.8599833,19.92,22.5,6,6.726457399
DCB_se2_ag4_f_02_1,3193,DCB_se2_ag4_f_02,3237.2245,3239.7336,2.5091,you know the building and development that's being done with,1,0,17.68399488,17.08,8.25,15,5.978239209
DCB_se2_ag4_f_02_1,3358,DCB_int_01,3414.999,3416.6657,1.6667,how do you f- do- have you done-,1,0,19.81795763,19.31,28.0,8,4.799904002
DCB_se2_ag4_f_02_1,3366,DCB_int_01,3424.011,3425.5474,1.5364,have you done those things?,1,0,15.95720975,15.52,32.5,5,3.254360844
DCB_se2_ag4_f_03_1,688,DCB_se2_ag4_f_03,713.6582,717.821,4.1628,"He did- He had done all the damage, but we had to do the w- work cleaning it up. ",1,0,21.72309573,21.58,12.0,23,5.525127318
DCB_se2_ag4_f_03_1,1273,DCB_se2_ag4_f_03,1303.5502,1304.6786,1.1284,"he get all his work done,",1,0,11.38248065,11.18,3.0,6,5.317263382
DCB_se2_ag4_f_03_2,1800,DCB_se2_ag4_f_03,1842.5752,1844.228,1.6528,"Cedric woulda done ,",1,0,6.463339101,6.33,17.0,5,3.025169409
DCB_se2_ag4_f_04_1,1975,DCB_se2_ag4_f_04,1914.5614,1915.4847,0.9233,done H Street.,1,0,19.08355836,18.51,23.75,3,3.249214773
DCB_se2_ag4_f_04_1,1977,DCB_se2_ag4_f_04,1916.3473,1918.1192,1.7719,Now is that something I've done by myself? No.,1,0,14.5227631,14.3,16.5,11,6.208025284
DCB_se2_ag4_f_04_1,5069,DCB_se2_ag4_f_04,4770.7916,4772.7827,1.9911,"I don't care what someone has done to you,",1,0,14.21323379,13.91,4.5,10,5.022349455
DCB_se2_ag4_f_05_1,334,DCB_se2_ag4_f_05,511.3305,516.3947,5.0642,that we saw earlier looking prim and proper. Now she done change into something else.,1,1,22.62189939,22.28,6.0,21,4.146755657
DCB_se2_ag4_f_05_1,1253,DCB_se2_ag4_f_05,1872.9773,1877.6733,4.696,"On Saturdays, everybody went to Grandma's to get their hair done. She was a hairdresser.",1,0,33.60754077,32.44,17.5,23,4.897785349
DCB_se2_ag4_f_05_1,1257,DCB_se2_ag4_f_05,1881.2516,1883.625,2.3734,my grandmother's house and get their hair done.,1,0,22.89816904,22.06,6.75,10,4.213364793
DCB_se2_ag4_f_05_1,1854,DCB_se2_ag4_f_05,2717.3529,2719.534,2.1811,that didn't make no difference. I was done with it.,1,0,25.57180895,25.27,6.0,13,5.960295264
DCB_se2_ag4_f_05_1,1893,DCB_se2_ag4_f_05,2770.2245,2772.233,2.0085,How many times I done- don't I come around your house?,1,0,17.0412674,16.88,28.5,13,6.472491909
DCB_se2_ag4_f_05_1,1894,DCB_se1_ag1_m_03,2772.3356,2774.8769,2.5413,"I remember that night she done beat me for some, uh, alcohol.",1,0,16.30514845,15.04,7.75,16,6.295990241
DCB_se2_ag4_f_05_1,1977,DCB_se2_ag4_f_05,2891.9859,2895.4877,3.5018,me and RD-NAME-3 done some stuff- we went to Disney by ourself.,1,0,22.77775081,22.35,22.5,13,3.712376492
DCB_se2_ag4_f_05_1,2358,DCB_se2_ag4_f_05,3444.9643,3447.0673,2.103,that they're getting their work done on time.,1,0,24.03999285,23.31,25.25,9,4.279600571
DCB_se2_ag4_f_05_1,2366,DCB_se2_ag4_f_05,3456.1297,3457.4353,1.3056,You need to get this done.,1,0,22.16035821,21.62,25.75,6,4.595588235
DCB_se2_ag4_f_05_1,2434,DCB_int_01,3555.2631,3559.5285,4.2654,"So let me ask you a couple different questions, then we'll finish up cause I know you got to go get your nails done.",1,0,25.51637483,22.24,21.5,29,6.798893421
DCB_se2_ag4_f_05_1,2755,DCB_se2_ag4_f_05,4020.6315,4021.5781,0.9466,"Okay, I'm done.",1,0,31.40337343,25.67,5.75,4,4.225649694
DCB_se2_ag4_m_01_1,180,DCB_se2_ag4_m_01,267.1582,270.4882,3.33,getting your chores done before you even go up to the recreation centers.,1,0,25.46524086,24.65,13.0,20,6.006006006
DCB_se2_ag4_m_01_1,251,DCB_se2_ag4_m_01,349.4022,350.3652,0.963,or how I get done?,1,0,22.28274974,20.97,29.75,5,5.192107996
DCB_se2_ag4_m_01_1,2117,DCB_se2_ag4_m_01,2780.5138,2784.4751,3.9613,"So when it come back to say you need this done, this that and the other, you can al- you already on top.",1,0,12.55259994,12.26,8.25,26,6.563501881
DCB_se2_ag4_m_01_1,2126,DCB_se2_ag4_m_01,2795.923,2797.544,1.621,It's done. You- you somewhere else.,1,0,11.35809806,11.2,6.75,7,4.318322023
DCB_se2_ag4_m_01_1,2128,DCB_se2_ag4_m_01,2797.9475,2801.4557,3.5082,"You sitting there, you enjoying yourself. Mi- mi- mines is done. It's already- oh- go-",1,0,17.25696391,17.13,10.0,21,5.985975714
DCB_se2_ag4_m_01_1,2140,DCB_se2_ag4_m_01,2813.746,2815.0627,1.3167,You done. You be .,1,0,25.39697005,24.49,25.5,4,3.037897775
DCB_se2_ag4_m_01_1,2156,DCB_se2_ag4_m_01,2834.7545,2835.7922,1.0377,this need to be done.,1,0,14.99708662,14.52,14.5,5,4.81834827
DCB_se2_ag4_m_01_1,2158,DCB_se2_ag4_m_01,2835.9479,2838.3831,2.4352,"We need to get that done, this that and the other, uh uh uh oh oh.",1,0,100.0,85.76,37.5,17,6.980946124
DCB_se2_ag4_m_01_1,2162,DCB_se2_ag4_m_01,2841.5615,2843.6752,2.1137,it's already done. Can I- can I take the rest of the day?,1,0,18.25466869,17.86,19.0,15,7.096560534
DCB_se2_ag4_m_01_1,2166,DCB_se2_ag4_m_01,2845.0131,2845.5511,0.538,Oh it's done.,1,0,17.95273298,16.53,15.75,3,5.576208178
DCB_se2_ag4_m_01_1,2176,DCB_se2_ag4_m_01,2853.5615,2854.5106,0.9491,I- I got it done.,1,0,17.48525162,16.83,16.0,5,5.268148773
DCB_se2_ag4_m_01_1,2182,DCB_se2_ag4_m_01,2859.2408,2859.9863,0.7455,RD-NAME-2 got it done.,1,0,11.33325791,11.21,3.5,3,4.024144869
DCB_se2_ag4_m_01_1,2184,DCB_se2_ag4_m_01,2860.641,2861.4448,0.8038,"Or I got it done,",1,0,13.60968857,13.46,11.5,5,6.220452849
DCB_se2_ag4_m_01_1,2190,DCB_se2_ag4_m_01,2863.3829,2864.7903,1.4074,RD-NAME-1 is on my crew. We got it done.,1,0,15.40239725,15.28,10.5,8,5.684240443
DCB_se2_ag4_m_01_1,2192,DCB_se2_ag4_m_01,2865.0039,2865.4699,0.466,It's done.,1,0,9.254445056,8.85,5.75,2,4.291845494
DCB_se2_ag4_m_01_1,2299,DCB_se2_ag4_m_01,3029.223,3033.1107,3.8877,"because I'm like this the thing is with my parents done, they had us in- where they couldn't afford us.",1,0,17.03799086,16.11,4.5,24,6.173315842
DCB_se2_ag4_m_01_1,2339,DCB_se2_ag4_m_01,3083.4172,3086.5904,3.1732,Cause I done killed- I done killed five of my years being in Lorton.,2,2,17.3317317,16.88,6.75,16,5.042228665
DCB_se2_ag4_m_01_1,3062,DCB_se2_ag4_m_01,3971.9842,3973.3741,1.3899,that these kids done have?,1,1,17.8573339,17.41,19.5,5,3.597381107
DCB_se2_ag4_m_01_1,3122,DCB_se2_ag4_m_01,4055.3147,4057.2783,1.9636,It's a lot done changed. It- it- it's a lot.,1,1,11.92642108,11.52,9.5,10,5.092686902
DCB_se3_ag1_f_01_1,567,DCB_se3_ag1_f_01,712.718,715.718,3.0,"And I have done that, I have gotten chatty, I gotten chatty today.",1,0,12.42936637,12.08,6.75,18,6.0
DCB_se3_ag1_f_01_1,1011,DCB_se3_ag1_f_01,1296.3732,1301.3109,4.9377,"every time you go to school you got all the flags of, all the schools every teacher who done went to,",1,1,16.31305737,16.02,4.5,26,5.265609494
DCB_se3_ag1_f_01_1,1059,DCB_se3_ag1_f_01,1361.0461,1364.2755,3.2294,"I don't like feeling like I've done did something wrong, so.",1,1,40.64771055,39.64,33.0,13,4.025515576
DCB_se3_ag1_f_01_1,1133,DCB_se3_ag1_f_01,1442.5051,1444.9654,2.4603,and say that they were wrong for what they done.,1,0,19.38053054,18.01,18.25,10,4.064544974
DCB_se3_ag1_f_01_1,1543,DCB_int_01,1995.3116,1996.3261,1.0145,Tell him we're almost done.,1,0,19.11400673,19.1,29.75,6,5.91424347
DCB_se3_ag1_m_01_1,1238,DCB_se3_ag1_m_01,1535.6118,1536.9706,1.3588,No male has ever done that.,1,0,19.72918496,19.44,5.25,7,5.151604357
DCB_se3_ag2_f_01_1,1256,DCB_se3_ag2_f_01,1420.8582,1423.3683,2.5101,and I've actu- they've actually done this to like other girls,1,0,15.38181691,15.12,13.5,14,5.577467033
DCB_se3_ag3_f_01_1,735,DCB_se3_ag3_f_01,1030.4114,1032.1374,1.726,has done a very good job of kind of,1,0,30.79337976,28.92,20.5,10,5.793742758
DCB_se3_ag3_f_01_1,1028,DCB_se3_ag3_f_01,1430.4971,1434.8471,4.35,cause that's- I was begging my mom to put me in public school and she had done some volunteer work with,1,0,25.38186824,23.28,10.25,25,5.747126437
DCB_se3_ag3_f_01_1,1034,DCB_se3_ag3_f_01,1446.671,1452.9371,6.2661,Because my mom had done volunteer work they had put me in these higher level math class and I'm sitting there like I have no clue what's going on.,1,0,39.24173109,37.41,21.5,36,5.745200364
DCB_se3_ag3_f_01_1,1566,DCB_se3_ag3_f_01,2222.1197,2227.445,5.3253,"where they were so slow that like, everyone else would be done and they'd get like the pity clap.",1,0,39.80375633,37.36,42.25,22,4.131222654
DCB_se3_ag3_f_01_1,1568,DCB_se3_ag3_f_01,2228.7652,2233.0491,4.2839,See I just feel like the whole set up was wrong like maybe I just shouldn't have done it because,1,0,37.22265016,36.67,46.75,23,5.368939518
DCB_se3_ag3_f_01_1,1604,DCB_se3_ag3_f_01,2285.7106,2291.0758,5.3652,heat that I- that I- this competition cause it was so bad and he felt so bad for me. I mean he mighta done it anyway but,1,0,30.09988688,28.95,23.0,33,6.150749273
DCB_se3_ag3_f_01_1,1737,DCB_se3_ag3_f_01,2480.9278,2483.268,2.3402,I guess Aruba was the only international traveling I had done,1,0,19.0058735,18.15,6.75,17,7.264336382
DCB_se3_ag3_f_01_1,1897,DCB_se3_ag3_f_01,2672.4032,2674.0485,1.6453,I'd done singing in the,1,0,14.276901,13.1,16.25,6,3.646751352
DCB_se3_ag3_f_01_1,2268,DCB_se3_ag3_f_01,3168.0239,3173.4855,5.4616,Not that that really involved touristy things so I would say that I've- I've done a lot of touristy things.,1,0,100.0,100.0,35.5,26,4.760509741
DCB_se3_ag3_f_02_1,483,DCB_se3_ag3_f_02,555.277,557.5768,2.2998,"We did whenever, um, I was done",1,0,11.51441758,11.37,4.5,9,3.913383773
DCB_se3_ag3_f_02_1,880,DCB_se3_ag3_f_02,939.8723,942.2045,2.3322,"And I'm done, you know, I- I done gave you good grades.",2,1,16.62397962,16.37,28.25,12,5.145356316
DCB_se3_ag3_f_02_1,1704,DCB_se3_ag3_f_02,1719.5539,1720.9853,1.4314,and I done have fun doing that.,1,1,17.16363402,16.7,17.0,8,5.588933911
DCB_se3_ag3_f_02_1,1960,DCB_se3_ag3_f_02,1966.3498,1967.244,0.8942,"Okay, when she get done.",1,0,13.53785411,13.34,15.75,6,6.709908298
DCB_se3_ag3_f_02_1,1966,DCB_se3_ag3_f_02,1970.458,1972.57,2.112,It's- it- it was a done deal that I'm not,1,0,18.20269338,17.85,7.25,10,4.734848485
DCB_se3_ag3_f_02_1,2176,DCB_int_01,2180.3512,2187.0285,6.6773,"So let me ask you this, so this is just a random question cause you've done a lot of things, you've experienced a lot of things. Was there ever a time you felt like, oh my god this is it, I'm gonna die?",1,0,15.33156673,14.2,9.25,50,7.48805655
DCB_se3_ag3_f_02_1,2198,DCB_se3_ag3_f_02,2210.8884,2213.3775,2.4891,"I just didn't feel like it. It's like, you have a job to do and get it done, get out of here.",1,0,20.8477323,20.07,9.75,23,9.240287654
DCB_se3_ag3_m_01_1,3046,DCB_se3_ag3_m_01,3017.8366,3019.7764,1.9398,"every year. We've done it for three years now, so",1,0,17.63667857,16.98,20.5,12,6.186204763
DCB_se3_ag3_m_01_1,3195,DCB_se3_ag3_m_01,3169.5752,3170.6072,1.032,no you've done enough to,1,0,16.31214743,15.74,7.25,6,5.813953488
DCB_se3_ag3_m_01_1,3723,DCB_se3_ag3_m_01,3687.0725,3688.9004,1.8279,and just to see what God has done with me,1,0,16.30920311,15.55,10.75,10,5.470758794
DCB_se3_ag3_m_02_1,230,DCB_se3_ag3_m_02,294.8934,295.9619,1.0685,All the wrong he done,1,0,15.53056589,15.42,10.5,5,4.679457183
DCB_se3_ag3_m_02_1,447,DCB_se3_ag3_m_02,554.0688,555.25,1.1812,So any little thing he done,1,0,14.29630759,14.15,6.0,8,6.772773451
DCB_se3_ag3_m_02_1,772,DCB_se3_ag3_m_02,958.014,959.2719,1.2579,"my work's done, your's not.",1,0,14.56604971,14.39,15.5,5,3.974878766
DCB_se3_ag3_m_02_1,1549,DCB_se3_ag3_m_02,1849.3509,1851.7533,2.4024,"we used to, we haven't done that lately. Cause usually",1,0,14.82813207,14.43,6.0,14,5.827505828
DCB_se3_ag3_m_02_1,1561,DCB_se3_ag3_m_02,1861.6913,1862.7289,1.0376,We haven't done that in a while though.,1,0,10.04752833,9.74,7.0,9,8.67386276
DCB_se3_ag3_m_02_1,2380,DCB_se3_ag3_m_02,2835.2529,2837.8718,2.6189,we could have possibly done to change it because she didn't know,1,0,16.40656986,15.93,3.75,16,6.109435259
DCB_se3_ag3_m_02_1,2398,DCB_se3_ag3_m_02,2853.857,2855.4164,1.5594,"coulda done, we did everything we could.",1,0,13.60637463,13.06,9.5,10,6.412722842
DCB_se3_ag3_m_02_2,189,DCB_se3_ag3_m_02,221.3496,222.6722,1.3226,"you crazy, you done lost your mind.",1,1,10.80969556,10.48,6.25,8,6.04869197
DCB_se3_ag3_m_02_2,318,DCB_se3_ag3_m_02,367.5269,369.0811,1.5542,it's gonna get done cause I'm gonna do it.,1,0,16.92871288,16.67,13.75,11,7.077596191
DCB_se3_ag4_f_01_1,216,DCB_se3_ag4_f_01,248.0527,251.7364,3.6837,groomed and yards weren't done like they used to be when I was growing up.,1,0,16.42131424,16.13,9.0,17,4.614925211
DCB_se3_ag4_f_01_1,898,DCB_int_01,983.368,984.3892,1.0212,Done. ,1,0,17.0231651,16.87,16.25,1,0.97924011
DCB_se3_ag4_f_01_1,3459,DCB_se3_ag4_f_01,3491.9355,3493.353,1.4175,"I to- I told my husband, I'm- I'm done.",1,0,19.649643,18.35,19.75,10,7.054673721
DCB_se3_ag4_f_01_1,3461,DCB_se3_ag4_f_01,3493.5768,3495.7218,2.145,I can't- I can't do that anymore. I'm- I'm done.,1,0,24.31386279,21.82,11.25,12,5.594405594
DCB_se3_ag4_f_01_1,3498,DCB_se3_ag4_f_01,3529.9872,3532.8455,2.8583,Giant or some other- I'm- I'm not doing that anymore. I'm done.,1,0,17.67317663,17.05,8.0,17,5.947591226
DCB_se3_ag4_f_01_1,3514,DCB_se3_ag4_f_01,3543.857,3544.6124,0.7554,And I had done s-,1,0,19.1849131,18.68,19.75,5,6.619009796
DCB_se3_ag4_f_02_1,3411,DCB_se3_ag4_f_02,3778.5094,3780.0808,1.5714,Cause I wish I had done that with my daughter.,1,0,18.90901891,18.06,8.0,11,7.000127275
DCB_se3_ag4_m_01_1,166,DCB_se3_ag4_m_01,184.1846,184.8458,0.6612,"you know, we're done.",1,0,16.38181705,14.67,17.75,4,6.049606776
DCB_se3_ag4_m_01_1,1878,DCB_se3_ag4_m_01,2092.0258,2096.0891,4.0633,It's a cycle. You would think that after sixty eight they're like oh okay we're done. No.,1,0,19.16459016,18.88,20.0,21,5.168213029
DCB_se3_ag4_m_02_2,67,DCB_se3_ag4_m_02,66.4905,67.3966,0.9061,what have I done?,1,0,15.82447338,14.72,6.0,4,4.414523783
DCB_se3_ag4_m_02_2,69,DCB_se3_ag4_m_02,68.7983,72.2315,3.4332,"Um, I said I haven't done anything. Why are they calling me to the principal's office?",1,0,24.84630475,23.49,17.25,23,6.699289293
DCB_se3_ag4_m_02_4,84,DCB_se3_ag4_m_02,84.2673,86.3131,2.0458,"They're- they're one and done in college,",1,0,18.63723548,18.28,9.25,8,3.910450679
LES_se0_ag2_f_01_2,930,LES_se0_ag2_f_01,1016.1747,1019.154,2.9793,"that's what it was. I even heard this one time I was getting my taxes done and this guy,",1,0,9.899373858,9.82,6.25,22,7.384284899
LES_se0_ag2_f_02_1,786,LES_se0_ag2_f_02,942.8276,943.8302,1.0026,what's done is done.,2,0,10.20072788,10.08,8.75,4,3.98962697
LES_se0_ag2_m_01_1,1137,LES_se0_ag2_m_01,1428.1285,1431.2573,3.1288,"I- I thought that there coulda been more done in regards to,",1,0,12.50663297,12.35,27.25,14,4.474558936
LES_se0_ag2_m_01_1,2105,LES_se0_ag2_m_01,2658.5718,2660.8893,2.3175, I mostly- I wish there was more that could be done,1,0,13.3885562,13.27,23.75,12,5.177993528
LES_se0_ag3_m_01_1,995,LES_se0_ag3_m_01,1183.094,1184.4763,1.3823,"uh, I done did it all.",1,1,13.48647652,13.39,4.5,6,4.340591767
LES_se0_ag3_m_01_1,1291,LES_se0_ag3_m_01,1522.1007,1526.5272,4.4265,"that's my logo. These is my hats, I abouta send out to get done. They be ready in three weeks.",1,0,17.13918251,16.94,7.5,21,4.744154524
LES_se0_ag3_m_01_1,1418,LES_se0_ag3_m_01,1681.8891,1683.6277,1.7386,"Nah, he's um, he done went to",1,1,13.06933811,12.81,20.75,7,4.026228
LES_se0_ag3_m_02_1,1793,Misc,2152.28,2155.0887,2.8087,Can I just say something real quick about what would have done.,1,0,17.87080321,16.74,20.75,14,4.984512408
LES_se0_ag4_f_01_2,185,LES_se0_ag4_f_01,239.1419,245.521,6.3791,"Okay, re- ve- ve- reger- vertical patrol is done when the crime is inside, not outside and not visible to the, uh,",1,0,14.32562655,14.16,6.5,31,4.859619696
LES_se0_ag4_f_01_2,1498,LES_se0_ag4_f_01,1770.7852,1774.4429,3.6577,"I like being able to walk out my door and go around the corner and get my nails done,",1,0,11.56174124,11.48,6.5,23,6.288104547
LES_se0_ag4_f_01_2,1499,LES_se0_ag4_f_01,1775.0092,1779.2431,4.2339,"if I wanna get my hair done, wanna get colored da da da da da da.",1,0,18.45678099,18.38,18.75,19,4.487588276
LES_se0_ag4_f_01_2,1865,LES_se0_ag4_f_01,2202.1592,2202.9379,0.7787,If it's done right.,1,0,16.55279483,16.4,4.5,4,5.136766406
LES_se0_ag4_f_01_2,1866,LES_se0_ag4_f_01,2203.1244,2204.5268,1.4024,But very rarely is it done right.,1,0,7.53706235,7.39,5.25,9,6.41756988
LES_se0_ag4_f_01_2,1868,LES_se0_ag4_f_01,2204.8998,2206.0842,1.1844,And I seen it done right,1,0,12.11827689,11.98,23.5,6,5.06585613
LES_se0_ag4_f_01_2,1907,LES_se0_ag4_f_01,2248.2363,2248.9497,0.7134,If it's done right.,1,0,14.10916387,14.01,4.25,4,5.606952621
LES_se0_ag4_f_01_2,2286,LES_se0_ag4_f_01,2717.7829,2719.0949,1.312,I know how to get things done.,1,0,12.82898688,12.36,20.25,7,5.335365854
LES_se0_ag4_f_02_1,993,LES_se0_ag4_f_02,1428.0735,1432.717,4.6435,But it was something that had to be done on both sides. And I don't know if,1,0,10.03671281,9.94,5.25,18,3.876386347
LES_se0_ag4_m_01_1,2438,LES_se0_ag4_m_01,2319.7962,2321.4881,1.6919,"Because, what it has done for me,",1,0,14.28847359,14.22,20.75,8,4.728411845
LES_se0_ag4_m_02_1,200,LES_se0_ag4_m_02,215.7844,220.0075,4.2231,"My neighborhood was very unique. Uh. I wanted to, and I haven't done it yet.",1,0,9.738465276,9.69,8.75,21,4.972650423
LES_se0_ag4_m_02_1,756,LES_se0_ag4_m_02,886.3716,887.6348,1.2632,if she wants to get it done.,1,0,10.82506315,10.66,16.75,7,5.541481951
LES_se0_ag4_m_02_1,2400,LES_se0_ag4_m_02,2886.8705,2889.0306,2.1601,And RD-NAME-2's done that for a few people man. He-,1,0,7.677765098,7.56,8.75,10,4.629415305
PRV_se0_ag1_f_01_1,1059,PRV_se0_ag1_f_01,1210.9038,1212.854,1.9502,"just be done over again. But um,",1,0,6.782869932,6.69,5.5,9,4.614911291
PRV_se0_ag1_f_02_1,1373,PRV_se0_ag1_f_02,1617.3439,1619.7124,2.3685,"be done talked to my mom and I would tell her about it, and she'd be like,",1,0,8.261646569,8.15,10.0,18,7.599746675
PRV_se0_ag1_m_01_1,926,PRV_se0_ag1_m_01,1124.7126,1127.5243,2.8117,"anything I needed or anything that needed to be done,",1,0,7.378908782,7.32,5.5,16,5.690507522
PRV_se0_ag1_m_01_1,1756,PRV_se0_ag1_m_01,2195.7846,2196.736,0.9514,get everything done.,1,0,10.71605194,10.63,6.5,5,5.255413075
PRV_se0_ag1_m_01_1,2137,PRV_se0_ag1_m_01,2689.1763,2690.6302,1.4539,But something needs to be done.,1,0,8.839224173,8.75,3.75,7,4.814636495
PRV_se0_ag1_m_02_1,554,PRV_se0_ag1_m_02,484.4012,488.0091,3.6079,"left him a couple sticky notes on his door of st- you know, stuff I need done.",1,0,15.5283592,15.47,17.75,19,5.266221348
PRV_se0_ag1_m_02_1,807,PRV_se0_ag1_m_02,721.9905,723.781,1.7905,"I- I- This my thing, cause I- I- done-",1,0,10.88024894,10.79,4.25,9,5.026528903
PRV_se0_ag2_f_01_1,441,PRV_se0_ag2_f_01,442.8396,443.3768,0.5372,done.,1,0,8.801303476,8.46,12.75,1,1.861504095
PRV_se0_ag2_f_01_1,589,PRV_se0_ag2_f_01,608.4074,609.2001,0.7927,Something he had done.,1,0,7.357776198,7.29,9.0,5,6.307556453
PRV_se0_ag2_f_01_1,827,PRV_se0_ag2_f_01,868.0776,870.9686,2.891,"And he done a wonderful job with us too, but he just didn't stay with my mom.",1,0,8.102045582,8.05,7.25,20,6.918021446
PRV_se0_ag2_f_01_1,919,PRV_se0_ag2_f_01,962.5668,963.8771,1.3103,And that's what I done.,1,0,11.20040213,11.16,12.75,5,3.815920018
PRV_se0_ag2_f_02_1,301,PRV_se0_ag2_f_02,323.0482,325.1078,2.0596,but it was like twice they had done that.,1,0,-8.307326178,-8.39,3.25,9,4.36978054
PRV_se0_ag2_f_02_1,892,PRV_se0_ag2_f_02,987.7806,993.0006,5.22,"When really all the farming was done, but mainly they wanted to get that tobacco in before a certain time.",1,0,5.442031413,5.42,8.25,28,5.363984674
PRV_se0_ag2_f_02_1,1073,PRV_se0_ag2_f_02,1158.1329,1160.6696,2.5367,"Well like I said, any time work have to be done on the farm",1,0,3.044040911,3.01,5.0,15,5.913194308
PRV_se0_ag2_f_02_1,1671,PRV_se0_ag2_f_02,1784.0895,1786.9113,2.8218,I'm talking about older now. I done got older now.,1,1,3.250077222,3.24,5.75,14,4.961372174
PRV_se0_ag2_f_02_2,674,PRV_se0_ag2_f_02,844.712,846.8289,2.1169,They done- they moved in Princeville in eighty three.,1,0,3.548296646,3.41,7.0,11,5.196277576
PRV_se0_ag2_f_03_1,201,PRV_se0_ag2_f_03,254.9346,257.3723,2.4377,They rebuilt the school and s- they done good.,1,0,13.65512795,13.52,2.5,10,4.10222751
PRV_se0_ag2_f_03_1,299,PRV_se0_ag2_f_03,397.1189,399.2233,2.1044,And my daughter she love it done met,1,1,12.66569548,12.56,4.75,9,4.276753469
PRV_se0_ag2_m_01_1,1874,PRV_se0_ag2_m_01,1638.5988,1639.219,0.6202,Done worked there.,1,1,9.331059827,9.27,13.75,3,4.837149307
PRV_se0_ag2_m_01_1,1882,PRV_se0_ag2_m_01,1644.2211,1646.1469,1.9258,"Oh, it done changed so many time to what it is now.",1,1,5.309670965,5.28,3.25,13,6.750441375
PRV_se0_ag2_m_01_1,1932,misc,1677.9514,1679.2506,1.2992,all of 'em done worked at Enterprise,1,1,10.87695627,10.83,12.25,9,6.927339901
PRV_se0_ag2_m_01_1,1936,misc,1681.4288,1683.6856,2.2568,Pretty much everybody done worked there that stays in Princeville.,1,1,7.669334985,7.61,9.0,15,6.646579227
PRV_se0_ag2_m_01_1,2378,PRV_se0_ag2_m_01,2083.2899,2084.1199,0.83,Ever done seen,1,1,6.191051585,6.15,2.25,4,4.819277108
PRV_se0_ag2_m_01_1,3032,PRV_se0_ag2_m_01,2655.1447,2656.2433,1.0986,I got- done got a spanking,1,1,15.09976921,15.03,20.25,7,6.371745858
PRV_se0_ag2_m_01_1,3034,PRV_se0_ag2_m_01,2656.6882,2657.4471,0.7589,for something you done did.,1,1,9.741709921,9.69,1.75,6,7.906179997
PRV_se0_ag2_m_02_1,320,PRV_se0_ag2_m_02,335.7696,339.4596,3.69,And trust your neighbors and- and you sleep with your door open. We actually done that.,1,0,12.16389878,12.11,11.75,19,5.149051491
PRV_se0_ag2_m_02_1,552,PRV_se0_ag2_m_02,586.0871,591.8315,5.7444,some of the school- We did have one incident when I was in that- at high school where we done felt that black students was being,1,1,13.8831976,13.75,10.25,30,5.222477543
PRV_se0_ag2_m_02_1,2393,PRV_se0_ag2_m_02,2663.7425,2664.6271,0.8846,And you done had a-,1,1,1.117313208,1.01,5.75,5,5.652272213
PRV_se0_ag2_m_02_2,3,PRV_se0_ag2_m_02,1.7291,7.4985,5.7694,"You know, these people over here got very little patience for anything that they think that should be or should not be done or any time-",1,0,10.57223933,10.53,8.75,34,5.893160467
PRV_se0_ag2_m_02_2,11,PRV_se0_ag2_m_02,12.4348,14.1,1.6652,"you know, uh- uh- uh, done.",1,0,8.807719886,8.7,8.75,6,3.60317079
PRV_se0_ag2_m_02_2,299,PRV_se0_ag2_m_02,305.462,309.3536,3.8916,"You know, if you don't like the way something's being done, you just- they rally- they will rally together.",1,0,9.293248472,9.22,6.25,25,6.424092918
PRV_se0_ag2_m_02_2,839,PRV_se0_ag2_m_02,833.6059,837.2699,3.664,location  away from home. ECU. We done got some now at ECU.,1,1,8.686435477,8.56,5.0,17,4.639737991
PRV_se0_ag3_f_01_1,1083,PRV_se0_ag3_f_01,1283.6419,1287.5686,3.9267,and was begged to come back because of the tremendous job I had done.,1,0,17.60610263,17.5,29.25,17,4.329335065
PRV_se0_ag3_f_01_1,1091,PRV_se0_ag3_f_01,1295.0029,1298.4326,3.4297,I says I- I don't believe these people say I done an excellent job.,1,0,18.37210399,18.25,27.75,18,5.248272444
PRV_se0_ag3_f_01_1,1438,PRV_se0_ag3_f_01,1711.9687,1714.4585,2.4898,"I decided I had to do what had to be done, so",1,0,16.5856992,16.5,27.0,14,5.622941602
PRV_se0_ag3_f_01_1,1490,PRV_se0_ag3_f_01,1791.7343,1795.2303,3.496,later I was told by the police that I'd done the best thing,1,0,17.47645617,17.35,29.0,15,4.290617849
PRV_se0_ag3_f_02_1,1548,PRV_se0_ag3_f_02,1821.0686,1824.1757,3.1071,And really some of 'em have done beautiful.,1,0,21.75648943,21.57,34.25,11,3.540278716
PRV_se0_ag3_f_02_1,2034,PRV_se0_ag3_f_02,2364.5551,2367.1909,2.6358,Because there's still a lot of work need to be done.,1,0,17.42566762,17.3,33.0,12,4.552697473
PRV_se0_ag3_f_02_1,2228,PRV_se0_ag3_f_02,2592.5194,2595.5177,2.9983,And we're trying to take it step by step to see that it's done.,1,0,27.42854524,27.17,31.25,15,5.00283494
PRV_se0_ag3_f_02_1,2297,PRV_se0_ag3_f_02,2675.2408,2677.1337,1.8929,They have done a lot of cleaning up.,1,0,13.6742628,13.58,24.25,9,4.75460933
PRV_se0_ag3_f_02_2,1424,PRV_se0_ag3_f_02,1768.8113,1772.8436,4.0323,Until we were able to get our paperwork and everything done and we w-,1,0,13.23921143,13.14,28.5,22,5.455943258
PRV_se0_ag3_f_02_2,1514,PRV_se0_ag3_f_02,1905.8977,1909.419,3.5213,"and just to see now, and see what they've done to assist",1,0,18.77532238,18.61,5.25,13,3.691818363
PRV_se0_ag3_f_02_2,1538,PRV_se0_ag3_f_02,1931.5647,1933.9696,2.4049,"when some of the foundations were done,",1,0,13.48620556,13.41,4.5,9,3.74235935
PRV_se0_ag3_f_03_1,79,PRV_se0_ag3_f_03,101.9733,104.5936,2.6203,And I done to myself- my health  that I could stop.,1,0,20.62019785,20.52,24.5,12,4.579628287
PRV_se0_ag3_f_03_1,272,PRV_se0_ag2_f_03,300.8016,301.8714,1.0698,Everybody had done gone,1,1,7.511749088,7.24,5.25,7,6.543279118
PRV_se0_ag3_f_03_1,476,PRV_se0_ag2_f_03,548.9942,552.4733,3.4791,"told- and my husband went to the door. And he said, everybody done gone away from back here.",1,1,9.971708085,9.95,6.0,23,6.610905119
PRV_se0_ag3_f_03_1,498,PRV_se0_ag2_f_03,575.7349,578.4613,2.7264,"And his family already had done left him, so he stayed back for the-",1,1,14.61110071,14.57,6.5,18,6.602112676
PRV_se0_ag3_f_03_1,924,PRV_se0_ag3_f_03,1088.9947,1090.729,1.7343,"Yeah, Red Cross done very nice.",1,0,7.981358783,7.9,10.0,7,4.036210575
PRV_se0_ag3_f_03_1,1373,PRV_se0_ag3_f_03,1632.428,1634.4397,2.0117,"I done some cooking around, though, I'm telling you.",1,0,13.42222076,13.37,9.25,12,5.965104141
PRV_se0_ag3_f_03_1,1731,PRV_se0_ag3_f_03,2117.6517,2119.6777,2.026,But when she got to mayor she had done a lot.,1,0,5.967227709,5.79,7.75,12,5.923000987
PRV_se0_ag3_f_04_1,1670,PRV_se0_ag3_f_04,2214.7557,2219.9605,5.2048,Well at that time it was Carolina Enterprise but it done changed names.,1,1,11.21731323,11.17,25.5,18,3.458346142
PRV_se0_ag3_f_04_1,1932,PRV_se0_ag3_f_04,2528.9189,2530.107,1.1881,"uh, somebody done",1,0,5.680435095,5.62,6.25,5,4.208399966
PRV_se0_ag3_f_04_3,252,PRV_se0_ag3_f_04,337.8243,340.5649,2.7406,But I didn't ever get that done.,1,0,11.22127524,11.15,11.75,9,3.283952419
PRV_se0_ag3_f_04_3,1046,PRV_se0_ag3_f_04,1483.1758,1484.7615,1.5857,"And she done told me,",1,1,6.495069941,6.43,23.75,5,3.15318156
PRV_se0_ag3_m_01_1,697,PRV_se0_ag3_m_01,799.9513,802.7089,2.7576,"but to acknowledge that a great wrong has been done,",1,0,11.50766837,11.43,7.25,12,4.351610096
PRV_se0_ag3_m_01_1,699,PRV_se0_ag3_m_01,803.0876,806.1738,3.0862,and something needs to be done to correct that because,1,0,17.13584215,17.02,30.25,13,4.212299916
PRV_se0_ag3_m_01_1,1048,PRV_se0_ag3_m_01,1171.4327,1171.854,0.4213,done.,1,0,12.46766884,12.42,16.0,1,2.373605507
PRV_se0_ag3_m_01_2,973,PRV_se0_ag3_m_01,1034.879,1036.2186,1.3396,the Ink Spots had done,1,0,16.88869585,16.79,13.0,5,3.73245745
PRV_se0_ag3_m_01_2,1155,PRV_se0_ag3_m_01,1222.0009,1223.9226,1.9217,And already knew that he had done My Prayer.,1,0,8.753305201,8.7,6.25,11,5.724098454
PRV_se0_ag3_m_02_1,569,PRV_se0_ag3_m_02,728.3044,731.9661,3.6617,And anybody have seen much as I've seen feels like it done changed too much.,1,1,11.78175294,11.72,20.25,18,4.915749515
PRV_se0_ag3_m_02_1,592,PRV_se0_ag3_m_02,764.9982,767.4644,2.4662,"don't pay it all always but like I said, I feel like I done",1,0,10.85277164,10.8,24.5,15,6.082231774
PRV_se0_ag3_m_02_1,669,PRV_se0_ag3_m_02,870.1744,872.8752,2.7008,I'm figuring on getting some more- I done talked to a guy about some more weight.,1,1,12.65258791,12.59,17.25,20,7.40521327
PRV_se0_ag3_m_02_1,893,PRV_se0_ag3_m_02,1156.1374,1159.1384,3.001,"he said, well you know you're a long way but they done a job,",1,0,7.01882833,6.97,5.75,14,4.665111629
PRV_se0_ag3_m_02_2,537,PRV_se0_ag3_m_02,670.1481,673.8733,3.7252,"and didn't have nothing done to the motor or any other- transmission, either one, in twenty years.",1,0,8.066640947,8.0,4.25,26,6.979491034
PRV_se0_ag3_m_02_2,618,PRV_se0_ag3_m_02,783.6107,785.31,1.6993,But then I think they done cremate her.,1,1,11.513199,11.43,23.25,9,5.296298476
PRV_se0_ag3_m_03_1,1390,PRV_se0_ag3_m_03,1546.0046,1547.1548,1.1502,"uh, I ain't done no more work.",1,0,6.683843945,6.62,2.5,7,6.085898105
PRV_se0_ag3_m_03_1,1619,PRV_se0_ag3_m_03,1785.2378,1788.0096,2.7718,president and all them crowd done took all this money away from 'em.,1,1,15.0652315,14.97,4.0,17,6.133198643
PRV_se0_ag3_m_03_1,1626,PRV_se0_ag3_m_03,1794.3504,1795.7042,1.3538,They done took they building money from you?,1,1,10.55266706,10.47,10.5,10,7.386615453
PRV_se0_ag3_m_03_1,1908,PRV_se0_ag3_m_03,2109.749,2111.8061,2.0571,"He done kind of like old Clay, I know you've seen him.",1,0,11.43263728,11.35,5.75,12,5.833454864
ROC_se0_ag1_f_01_1,359,ROC_se0_ag1_f_01,510.506,512.2467,1.7407,done well with that. ,1,0,16.63777612,16.54,14.5,4,2.297926122
ROC_se0_ag1_f_01_1,743,ROC_se0_ag1_f_01,1060.5093,1064.3371,3.8278,"done first actually, if I would've known about vocational school.",1,0,9.269933605,9.16,3.75,16,4.179946706
ROC_se0_ag1_f_01_1,747,ROC_se0_ag1_f_01,1067.2211,1069.0913,1.8702,I actually would've just done that.,1,0,13.59692515,13.52,17.25,8,4.277617367
ROC_se0_ag1_f_01_1,990,ROC_se0_ag1_f_01,1428.052,1428.6261,0.5741,I'll be done,1,0,4.257721375,3.9,4.75,3,5.225570458
ROC_se0_ag1_f_01_1,1493,ROC_se0_ag1_f_01,2160.8326,2161.9814,1.1488,you should've done this.,1,0,5.489564605,5.34,2.0,5,4.352367688
ROC_se0_ag1_f_02_1,1226,ROC_se0_ag1_f_02,1662.1106,1667.0102,4.8996,"problem sets done, or get the homework done, they'd be like, how do you know how to do this? I'm like oh, I have a bachelor's in math.",2,0,9.131340586,9.03,3.5,32,6.5311454
ROC_se0_ag1_f_02_1,1246,ROC_se0_ag1_f_02,1695.384,1699.0153,3.6313,"you know, and then once they were- once the classes are done they were gone, you know.",1,0,11.3829715,11.28,18.75,18,4.956902487
ROC_se0_ag1_f_02_1,1463,ROC_se0_ag1_f_02,1994.9224,1998.1666,3.2442,"really good stuff done. And so, I just would go and work on it everyday,",1,0,7.955444048,7.84,3.25,18,5.548363233
ROC_se0_ag1_f_03_1,498,ROC_se0_ag1_f_03,618.266,621.692,3.426,"when I was almost done with high school. And I always knew it was the wrong reasons, but",1,0,21.04210489,20.53,8.25,21,6.129597198
ROC_se0_ag1_f_03_1,579,ROC_se0_ag1_f_03,744.3172,747.5335,3.2163,"I don't know, I've always done exactly what I wanted to do and that's probably changed.",1,0,23.79103124,23.49,6.75,22,6.840157945
ROC_se0_ag1_f_03_1,785,ROC_se0_ag1_f_03,1007.4742,1009.655,2.1808,"I've done plenty of nude shoots,",1,0,22.27071868,21.86,31.75,7,3.209831255
ROC_se0_ag1_f_03_1,809,ROC_se0_ag1_f_03,1033.2682,1038.746,5.4778,"what's the point of ever having done it, you know. Like, I'm never gonna be on- on a runway on television. But",1,0,15.10480645,14.77,7.75,30,5.47665121
ROC_se0_ag1_f_03_1,961,ROC_se0_ag1_f_03,1258.2828,1265.8775,7.5947,"uh- like, versions. I don't even know what to say. Like and it was crazy. And I wanted to do it because I felt like I hadn't done work like that in a while.",1,0,20.96907917,20.91,10.0,40,5.266830816
ROC_se0_ag1_f_03_1,970,ROC_se0_ag1_f_03,1272.3251,1275.4166,3.0915,"I wanted to do it, cause I hadn't done- I hadn't worked with, like",1,0,16.01820406,15.87,30.25,17,5.49894873
ROC_se0_ag1_f_03_1,1381,ROC_se0_ag1_f_03,1843.6786,1845.1241,1.4455,"I'm- I'm done with like,",1,0,21.7585436,21.08,33.0,5,3.459010723
ROC_se0_ag1_f_03_1,1922,ROC_se0_ag1_f_03,2638.6355,2640.8037,2.1682,nobody wants to do that. Like I'm done with this struggle.,1,0,16.82808169,16.64,23.75,14,6.456968914
ROC_se0_ag1_f_03_1,1924,ROC_se0_ag1_f_03,2642.1455,2645.0645,2.919,I'm done with this struggle . And it doesn't have to be a struggle.,1,0,16.38566173,16.32,6.75,16,5.481329222
ROC_se0_ag1_f_03_1,1925,ROC_se0_ag1_f_03,2645.2743,2649.6889,4.4146,It really doesn't. Even if it means that you have to stay in your hometown a little longer which is what I've done.,1,0,17.39529364,17.16,8.5,29,6.569111584
ROC_se0_ag1_f_03_1,2167,ROC_se0_ag1_f_03,3026.8859,3027.3527,0.4668,done,1,0,21.83003443,20.37,9.0,1,2.142245073
ROC_se0_ag1_m_01_1,316,ROC_se0_ag1_m_01,408.3262,411.1892,2.863,I would go weeks and weeks at a time without having my hair done.,1,0,3.534560458,3.41,3.25,16,5.588543486
ROC_se0_ag1_m_01_1,555,ROC_se0_ag1_m_01,703.6481,708.1618,4.5137,"um, I done seen like people done graduated and seen people",2,2,4.788779006,4.64,4.0,16,3.544763719
ROC_se0_ag1_m_01_1,713,ROC_se0_ag1_m_01,893.9159,894.8539,0.938,I done been everywhere.,1,1,10.07651775,10.04,6.0,6,6.396588486
ROC_se0_ag1_m_01_1,916,ROC_se0_ag1_m_01,1141.7575,1151.4599,9.7024,"We're doi- we're giving you the work and you're just basically sitting there cause you're getting it done. I'm like, okay so what's the RD-SCHOOL-3? And they basically broke it down. It's the RD-SCHOOL-7. You'll learn,",1,0,4.053702843,3.89,7.5,42,4.328825858
ROC_se0_ag1_m_01_1,1691,ROC_se0_ag1_m_01,2141.0236,2143.3073,2.2837,"stop, you gotta wait until after he's done. ",1,0,6.621971146,6.57,3.5,11,4.816744756
ROC_se0_ag1_m_01_1,1695,ROC_se0_ag1_m_01,2144.6968,2150.5477,5.8509,"they waited until after I was done. And they're like, you can't do that, it's a fire hazard. And I'm like, well,",1,0,8.886500352,8.78,7.25,27,4.614674665
ROC_se0_ag1_m_01_1,2063,ROC_se0_ag1_m_01,2604.0564,2605.2565,1.2001,but it can be done.,1,0,1.038281848,0.7,2.25,5,4.166319473
ROC_se0_ag1_m_01_1,2835,ROC_se0_ag1_m_01,3541.6832,3543.4913,1.8081,man done got popped literally by,1,1,3.603207477,3.53,5.75,9,4.977600796
ROC_se0_ag1_m_01_1,3046,ROC_se0_ag1_m_01,3743.0733,3744.8731,1.7998,I done ha- I've had a few,1,0,5.266177448,5.15,3.75,8,4.444938326
ROC_se0_ag1_m_01_1,3217,ROC_se0_ag1_m_01,3930.1007,3932.1139,2.0132,Rochester has done some cool things.,1,0,9.30868913,9.12,3.5,8,3.973773098
ROC_se0_ag1_m_01_1,3446,ROC_int_01,4186.235,4187.992,1.757,More work to be done. ,1,0,3.964251922,3.91,4.75,5,2.845759818
ROC_se0_ag1_m_02_1,520,ROC_se0_ag1_m_02,567.0138,567.8345,0.8207,I'm done with the restaurant,1,0,10.96912225,10.77,10.25,7,8.529304252
ROC_se0_ag1_m_02_1,756,ROC_se0_ag1_m_02,814.4919,817.5041,3.0122,"and we all done had like, to introduce ourself. I was the only black kid in there,",1,1,12.59904282,12.42,7.0,21,6.971648629
ROC_se0_ag1_m_03_1,757,ROC_se0_ag1_m_03,844.889,846.9153,2.0263,done really volunteer work like that.,1,0,8.817880872,8.65,3.0,9,4.441593051
ROC_se0_ag2_f_01_1,1893,ROC_se0_ag3_m_02,1556.813,1560.4304,3.6174,"beautiful building. I mean, once they got it all done, it was a re- it- I mean,",1,0,15.3761549,14.03,9.75,20,5.528832863
ROC_se0_ag2_f_01_1,3204,ROC_se0_ag3_m_02,2717.5751,2718.7144,1.1393,maybe I would've done it.,1,0,18.62174269,16.91,19.5,7,6.144123585
ROC_se0_ag2_f_01_1,4382,ROC_se0_ag2_f_01,3719.7771,3720.3993,0.6222,I'm done.,1,0,20.94565882,20.62,41.5,2,3.214400514
ROC_se0_ag2_f_01_1,5448,ROC_int_01,4676.363,4677.3703,1.0073,We're done. I can pay you.,1,0,14.37210978,11.72,3.25,6,5.956517423
ROC_se0_ag2_f_02_1,44,ROC_se0_ag2_f_02,48.3648,49.7878,1.423,"pulled out like, y- you done.",1,0,0.553355082,0.42,4.5,6,4.216444132
ROC_se0_ag2_f_02_1,681,ROC_se0_ag2_f_02,909.7205,911.5852,1.8647,oh I guess she done slept with everybody ,1,1,8.561415972,8.44,5.75,11,5.899072237
ROC_se0_ag2_f_02_1,1305,ROC_se0_ag2_f_02,1763.337,1766.1404,2.8034,"But I think after fifth grade, she might be, um, done",1,0,8.206487539,8.06,4.25,12,4.280516516
ROC_se0_ag2_f_02_1,1349,ROC_se0_ag2_f_02,1829.7522,1834.7642,5.012,"sh- they never do social studies, so how did you grade her on some work that was never done?",1,0,7.028681917,6.91,4.75,22,4.389465283
ROC_se0_ag2_f_02_1,1738,ROC_int_01,2326.917,2327.3614,0.4444,I'm done.,1,0,4.067174143,3.88,6.5,2,4.500450045
ROC_se0_ag2_f_03_1,2014,ROC_se0_ag2_f_03,2735.57,2739.1837,3.6137,Cause I don't think we've done a great job of retaining our college talent.,1,0,12.71234591,12.49,4.0,18,4.981044359
ROC_se0_ag2_f_04_1,586,ROC_se0_ag2_f_04,830.1645,832.7134,2.5489,"And she was like, you don't need to go here. You've already done this.",1,0,4.681882894,4.55,3.5,16,6.277217623
ROC_se0_ag2_f_04_1,602,ROC_se0_ag2_f_04,848.0419,849.4879,1.446,"if you were done with your bachelor's degree,",1,0,3.906199547,3.82,3.25,11,7.607192254
ROC_se0_ag2_f_04_1,716,ROC_se0_ag2_f_04,989.541,992.662,3.121,"creative-style, really skilled poem. And I had done this thing,",1,0,8.136749926,8.03,3.5,11,3.524511375
ROC_se0_ag2_f_04_1,830,ROC_se0_ag2_f_04,1129.4134,1135.0919,5.6785,made more space cause I've always written with my children. We've always done a particular Christmas card that had a story attached to it.,1,0,7.457721664,7.37,4.5,34,5.987496698
ROC_se0_ag3_f_01_1,703,ROC_int_01,768.0675,770.0653,1.9978,have you felt like Rochester have tried to done-,1,0,13.24437471,12.86,14.5,11,5.506056662
ROC_se0_ag3_f_01_1,1096,ROC_se0_ag3_f_01,1195.1992,1200.1781,4.9789,"I don't think it's more so the violence. I just think, okay, I done went to school for all these years.",1,1,13.57477963,13.46,22.5,24,4.820341843
ROC_se0_ag3_f_01_1,1970,ROC_se0_ag3_f_01,2134.6411,2138.9392,4.2981,"But, you know, maybe that- maybe that is something to do, something that I've never done, so",1,0,10.36205006,10.19,6.5,22,5.118540751
ROC_se0_ag3_f_01_1,1975,ROC_int_01,2141.9125,2144.347,2.4345,That- okay. I've done that several times.,1,0,9.516603359,9.43,7.5,10,4.107619634
ROC_se0_ag3_f_02_1,301,ROC_se0_ag3_f_02,337.9114,340.1903,2.2789,RD-NAME-3 done got her a white baby.,1,0,6.985362596,6.9,17.25,7,3.071657379
ROC_se0_ag3_f_02_1,777,ROC_se0_ag3_f_02,850.9576,853.4324,2.4748,"And I wore corduroys, you know, I done had",1,1,7.93870705,7.81,2.75,11,4.44480362
ROC_se0_ag3_f_02_1,1477,ROC_se0_ag3_f_02,1592.0563,1593.6899,1.6336,get her nails done or s-,1,0,11.69217696,11.49,16.75,6,3.672869736
ROC_se0_ag3_f_02_1,1908,ROC_se0_ag3_f_02,2042.9247,2045.6646,2.7399,"take the stick, and he'd go through 'em when they were done,",1,0,11.9251104,11.8,22.0,12,4.379721888
ROC_se0_ag3_f_02_3,452,ROC_se0_ag3_f_02,466.4711,467.436,0.9649,"Well, I done work with-",1,0,5.596095569,5.48,16.0,5,5.181884133
ROC_se0_ag3_m_01_1,553,ROC_se0_ag3_m_01,712.2863,717.6122,5.3259,"there's a outcry, and an alarmist view that, uh, something really needs to be done about it.",1,0,8.584179524,8.48,5.0,23,4.318518936
ROC_se0_ag3_m_01_1,922,ROC_int_01,1115.4211,1116.1172,0.6961,has done,1,0,10.09882057,9.77,3.25,2,2.873150409
ROC_se0_ag3_m_01_1,1240,ROC_se0_ag3_m_01,1458.8364,1460.5761,1.7397,A lot of that was done on her watch,1,0,1.290045574,1.17,4.0,9,5.173305742
VLD_se0_ag2_f_02_1,367,VLD_int_01,466.6121,469.2094,2.5973,"So now I'm done typing, for right now.",1,0,6.791877664,6.04,9.5,9,3.465136873
VLD_se0_ag2_m_01_1,2201,VLD_se0_ag2_m_01,2245.7728,2246.4869,0.7141,"Yeah, I've done that.",1,0,7.895311975,7.49,5.25,4,5.601456379
VLD_se0_ag2_m_01_1,2203,VLD_se0_ag2_m_01,2246.5821,2248.4453,1.8632,I've done that multiple times. I like fires.,1,0,11.98808968,11.66,5.5,11,5.903821383
VLD_se0_ag2_m_01_1,3012,VLD_se0_ag2_m_01,3078.2949,3080.702,2.4071,done or had go on that I don't really talk about.,1,0,14.22891559,13.98,19.0,13,5.400689627
VLD_se0_ag3_f_01_1,366,VLD_se0_ag3_f_01,572.4113,573.8043,1.393,she has actually done everything,1,0,18.72136704,18.07,18.5,8,5.743000718
VLD_se0_ag3_f_01_1,386,VLD_se0_ag3_f_01,592.9934,593.9772,0.9838,She's done all of that.,1,0,17.12329476,16.83,5.0,5,5.082333808
VLD_se0_ag3_f_01_1,393,VLD_se0_ag3_f_01,601.143,603.3299,2.1869,"So I'm just saying, she has done everything first.",1,0,33.62538639,32.64,43.75,12,5.487219352
VLD_se0_ag3_f_01_1,608,VLD_se0_ag3_f_01,892.9491,895.9695,3.0204,"No, RD-SCHOOL-3 was always elem- they done went to fifth and sixth grade.",1,1,16.10167635,15.2,24.5,12,3.972983711
VLD_se0_ag3_f_01_1,1790,VLD_se0_ag3_f_01,2607.6733,2611.012,3.3387,"chronologically. Age wise, but she has done everything first.",1,0,32.76058769,31.91,36.5,15,4.492766646
VLD_se0_ag3_f_02_1,302,VLD_se0_ag3_f_02,376.4425,378.4635,2.021,"Yeah, coulda done without that.",1,0,45.76781299,45.19,42.0,7,3.463631865
VLD_se0_ag3_f_02_1,1345,VLD_se0_ag3_f_02,1684.1089,1685.8855,1.7766,anything anyone in my family had done before.,1,0,18.40428038,18.02,29.75,15,8.443093549
VLD_se0_ag3_f_02_1,1578,VLD_se0_ag3_f_02,1945.3162,1947.8976,2.5814,With the picture that we took together. Nobody else had done that before.,1,0,17.36960104,17.01,25.0,19,7.360347098
VLD_se0_ag3_f_02_1,1781,VLD_se0_ag3_f_02,2214.2038,2219.9043,5.7005,"band camp and being there early, before band camp to get the music together, get the lockers done. And",1,0,23.16783025,22.76,4.0,26,4.561003421
VLD_se0_ag3_f_02_1,2298,VLD_se0_ag3_f_02,2890.7604,2891.4793,0.7189,One and done.,1,0,3.0858137,3.03,4.75,3,4.173042148
VLD_se0_ag3_f_02_1,2749,VLD_se0_ag3_f_02,3483.0108,3484.7174,1.7066,not have done it the first time.,1,0,46.57169096,44.67,28.5,7,4.101722724
VLD_se0_ag3_m_01_2,1202,VLD_se0_ag3_m_01,1535.2298,1538.555,3.3252,You know what I'm saying. Boy he done gave me a pistol he gave Calvin a pistol.,1,1,14.59319254,14.54,6.5,21,6.315409599
VLD_se0_ag3_m_01_2,1306,VLD_se0_ag3_m_01,1655.8734,1656.9972,1.1238,done in my life.,1,0,12.20511037,11.53,7.25,4,3.559352198
VLD_se0_ag3_m_01_2,1363,VLD_se0_ag3_m_01,1717.0904,1720.6144,3.524,boy I'm talking about I had done went down through it boy I'm talking about ooh wee.,1,1,6.495044342,6.46,6.0,21,5.959137344
VLD_se0_ag3_m_01_2,1675,VLD_se0_ag3_m_01,2071.0232,2073.4749,2.4517,"I said now RD-NAME-2 done had a stroke, she still getting it.",1,1,11.20006787,10.91,7.0,12,4.894562956
VLD_se0_ag3_m_02_1,268,VLD_se0_ag3_m_02,401.0238,402.9309,1.9071,"uh, schooling was done, and how",1,0,20.22167583,20.08,42.5,7,3.670494468
VLD_se0_ag3_m_02_1,1493,VLD_se0_ag3_m_02,1947.9519,1951.2346,3.2827,started a- a week after I got done with high school.,1,0,28.11943044,27.73,38.0,13,3.960154751
VLD_se0_ag3_m_02_1,1781,VLD_se0_ag3_m_02,2350.9927,2354.5738,3.5811,if you realize that you're not d- being done fairly because,1,0,20.14397853,19.9,7.0,16,4.467900924
VLD_se0_ag3_m_03_1,1406,VLD_se0_ag3_m_03,1687.7653,1689.2624,1.4971,I'll have all this other stuff done about-,1,0,9.027926608,9.0,4.75,10,6.679580522
VLD_se0_ag3_m_03_1,1428,VLD_se0_ag3_m_03,1709.9822,1714.8623,4.8801,I'll just have to lock them doors and- and- and be done with it and just take orders in drive through. ,1,0,11.94039355,11.88,8.5,22,4.508104342
VLD_se0_ag3_m_03_1,1780,VLD_se0_ag3_m_03,2152.8499,2155.124,2.2741,"You get all the dishes done, I'll let you go.",1,0,8.053059406,7.96,6.0,11,4.837078405
VLD_se0_ag3_m_03_1,2186,VLD_se0_ag3_m_03,2657.0317,2658.4102,1.3785,and been done with it. ,1,0,10.68858678,10.55,25.75,5,3.627130939
VLD_se0_ag3_m_03_1,2423,VLD_se0_ag3_m_03,2976.2497,2978.8751,2.6254,and just put Florida close to Atlanta. Be done with it.,1,0,11.62717963,11.26,10.75,15,5.713415099
VLD_se0_ag4_f_01_1,772,VLD_se0_ag4_f_01,1058.7052,1059.4072,0.702,I've done.,1,0,51.91980019,35.8,20.0,2,2.849002849
VLD_se0_ag4_f_01_1,1647,VLD_int_01,2167.4285,2170.2775,2.849,"in life that you feel like you haven't done, that you wanna do?",1,0,17.60168201,16.27,8.25,15,5.265005265
VLD_se0_ag4_f_01_1,2044,VLD_se0_ag4_f_01,2711.666,2718.426,6.76,hope you'll slow down some. I- I know you trying to get this graduate school thing done. I- I wanna get that done and out the way.,2,0,28.17768646,26.32,10.0,31,4.585798817
VLD_se0_ag4_f_01_1,2245,VLD_se0_ag4_f_01,3024.029,3025.4418,1.4128,they have done it.,1,0,13.60314111,12.65,3.0,4,2.831257078
VLD_se0_ag4_f_02_1,567,VLD_se0_ag4_f_02,598.3205,601.0798,2.7593,They go home and get a beating because they done took their hair loose.,1,1,9.725199542,9.6,4.75,16,5.798572102
VLD_se0_ag4_f_02_1,590,VLD_se0_ag4_f_02,626.3083,630.0841,3.7758,Friday evenings and Saturday mornings and get they little hair done.,1,0,13.74589415,13.36,25.5,17,4.502357116
VLD_se0_ag4_f_02_1,684,VLD_se0_ag4_f_02,737.3358,740.3523,3.0165,And I knew the lady done it. This beauty shop down there.,1,0,11.28530998,11.13,8.25,14,4.641140394
VLD_se0_ag4_f_02_1,1684,VLD_se0_ag4_f_02,1893.229,1894.2268,0.9978,get their hair done.,1,0,12.5116723,12.27,4.75,4,4.008819403
VLD_se0_ag4_f_02_1,2429,VLD_int_01,2862.8523,2865.0987,2.2464,"But, now she know that, she come and get her hair done.",1,0,19.96911586,19.46,19.5,12,5.341880342
VLD_se0_ag4_f_02_1,2448,VLD_int_01,2887.8129,2888.9728,1.1599,get her little hair done.,1,0,8.529335902,7.95,16.75,6,5.172859729
VLD_se0_ag4_m_01_1,1483,VLD_se0_ag4_m_01,1479.2663,1480.8529,1.5866,"times we done had in this country,",1,1,10.75979287,10.58,3.75,8,5.042228665
VLD_se0_ag4_m_02_1,6,VLD_se0_ag4_m_02,7.3153,8.5324,1.2171,How many people you done did this?,1,1,19.27290695,17.92,2.0,9,7.394626571
VLD_se0_ag4_m_02_1,15,VLD_int_01,15.8983,17.3298,1.4315,"Yeah, so I've done a lot. Mm-hm.",1,0,18.13103445,16.84,26.75,6,4.191407614
VLD_se0_ag4_m_02_1,220,VLD_se0_ag4_m_02,306.736,310.675,3.939,"And then after there- mama done had me and I was coming up, she started having kids.",1,0,21.35868059,20.51,29.75,22,5.585173902
VLD_se0_ag4_m_02_1,406,VLD_se0_ag4_m_02,521.1548,528.8721,7.7173,"And, well we all had done fell asleep on the sofa and but and people had legs over somebody neck and somebody limb on their lap and this and that it was all. I think it was about",1,0,14.54489964,14.1,6.5,47,6.090212898
VLD_se0_ag4_m_02_1,719,VLD_se0_ag4_m_02,893.2825,895.1996,1.9171,"You know, y- y- ya- it done got up now to",1,0,11.78043492,11.16,5.5,11,5.737833186
VLD_se0_ag4_m_02_1,923,VLD_se0_ag4_m_02,1126.7706,1130.3823,3.6117,"thought he was gonna be done got out by now. Shoot, I don't know he might be still there, I don't know.",1,0,9.88479189,9.78,8.75,23,6.368192264
VLD_se0_ag4_m_02_1,1201,VLD_se0_ag4_m_02,1453.5476,1455.7471,2.1995,"But I still was doing my little plumbing, I done- I enjoyed that.",1,0,17.42512459,16.84,8.5,17,7.729029325
VLD_se0_ag4_m_02_1,1436,VLD_int_01,1732.0492,1735.033,2.9838,I know you've done like a lot of plumbing jobs and stuff like that,1,0,17.07217385,16.52,4.5,15,5.027146592
VLD_se0_ag4_m_02_1,1701,VLD_se0_ag4_m_02,2030.4268,2033.7722,3.3454,"it just a lot of stuff I done went through. Went under houses, done seen snakes.",2,1,14.75691236,14.24,6.25,18,5.380522509
VLD_se0_ag4_m_02_1,1739,VLD_se0_ag4_m_02,2074.9307,2078.8378,3.9071,"Man that was crazy, see that spider still sitting there after you done did all this beating on the wall.",1,1,16.37065858,16.07,7.25,25,6.398607663
VLD_se0_ag4_m_02_1,1933,VLD_se0_ag4_m_02,2298.284,2301.9718,3.6878,"I gets back to Valdosta, they done made arrangement for me to meet my mother.",1,1,15.51228437,15.03,6.75,17,4.609794457
